TPLdHa9bBVtKYeZxAT5KGuvKjT18ru85ww,95
TBjEUKYRPgeeqgc6zqRRe56wJmk863ZBkk,199
TKB9RaNazmt6B795tEwd8EcgGvYn6y82aa,263
TF7SVojm8Y4d6CPVwDdYHfdSNxvSBS5QWW,315
TNSqResVpM1uyUg5s73AEoTVyDYuE1RUjj,430
TSN9rqRajkaTsYExW2wR2Be9D8zEaLrXTT,542
TYrWNvuARZR1CYcwXLCgwAnR6kcDJH2S55,545
TNFCY5teMh2yEKspX8NTy4apbrcuECocYY,548
TS8fCK23KNkbAwRyL3pxmK5cvQWdEpBYUU,635
TWedX24BrBYcoaapmk8k3tSDdzehysps99,682
TDUDDQDQtWjprqdGX6zRvs67YQJ94DH355,705
TCyLZ6VM4PF4nTMXGDnp8HGQmPPvABSUyy,764
TGWh7SHq34gShtwVohJxkxtDL2e7MSUEUU,810
TYpSMEU1Xf13FEs4P3BhX3FTsgvogaZMVV,851
TR5zn7oRMv5senhASHKv6hqqFWr7EmJxGG,914
TBW5ajr8ToH32TYCiLWGgRPxEp4BuTMu55,1036
TPrFSKzHT5pBZXD7mpztXmQfvANrUciqYY,1091
TQmPezgQBaA4ZDW6uZCjfukRmh8TbYED88,1163
THubakRCxE1RjEFq7mCmxm2sJQGD49R9UU,1204
TGjAQhLW137ZdkQEL5kajzWFfE3m5NjSMM,1253
TKQFUEhwcr3nUijb5ousDjmdBcgA8YGjee,1302
TX7Th3L3E78qU91CRRvsSWL6VkZU8oUyyy,1325
TFMyv1ZAmUg1Ph19xcnRnV353vKAPj5Khh,1334
TBJykM9ArzELrXXZzHxHpNg4TQYXUiDddd,1341
TSpXQN59KMPpb9kkU2PDs5Ra8ZjMkhp3VV,1433
TMCCU8xaQt4NxxYAqrivEF1PFvAPLPDZ55,1617
TC1ttujNtJbHW3BaYAVsue4mz5QKgr4Jpp,1618
TEspEBpc86H2q7QifvupTSx9C3FUUyfJ77,1662
TFwXKofe1FXoVv9HCH4MD1c2H6Cxhyoijj,1712
TDpx22RRyUTBVP1sZFpEjgAnnGEvLKC2WW,1749
TQUjj5KF6NEqwjZ3HUZ6SrpjGQvQ9RGeJJ,1741
TYoytYipfHT1Y1t41bpQNJ6Vt2dU4k5kDD,1776
TGRWeNdFzsVm6p9Sv2jQgYoUizTD2fuM44,1921
TWiG1bAsSqTkzP3ifkQfbYd9q1qsGLB799,2029
TDycCks3Y5z2ZvLjoqQYnpKCqDmenDsgqq,2055
TTnJPV5bAr8cqGvL1NJFAabvr7PysDrJww,2093
THfYRqj63cHYrCg6s56WTfwnVsiwZ7yCLL,2142
TYmoTCJe3CNZpBWvf16Vn77rMjFnMqo3EE,2166
TPSrpk7DMkcU12mXUj56tHjrAMpdqZ6ADD,2198
TXiteg62qfeE7R6VbYBbXAB2wULqLjgaoo,2227
TNxGGU6ZCqC5BwZoErsgdjdNwSAP1bn422,2265
TLDsVW6FaLmKM5q2eJk1UTvVwCCw2fDYTT,2285
TFz6LFdbWQzZxNu9gfzizUCPFYM25qacxx,2394
TEVJLxZpvkQLVnKUuSm343UgN2wYkigsLL,2411
TTpZf3rDdg2tCAU7Pf3zz4s5MWF4Dga7jj,2445
TALvtPz2r9583qGrTkGovFbHLXg7v7Hdmm,2572
TZ5mWxUcCUEzDUnmqFfbG2EWDCwwmy32yy,2577
TCtuQcBJStMKst6AkQVNeg5U2bds85ycbb,2638
TJwzdKz4ssBtfr3TF53PKop3fWJCDQpczz,2675
TPg785XcagJ2R52R5S7DMenpSpABCoK7ww,2907
TNeP18wRrU4EgrDQ7jRoGVUF9qeyCZGktt,2940
THaKyji7YaVqNTmBxowvx2waoWdUo8tezz,2952
TLPtUVZQH19uqYegnyRth5Jvdcykq7aErr,3135
TTK48YpE8e5n2wcPNyauhJAtLWSwYH4xhh,3177
TDsuA48ePmHW31mQdKeXDgbt1LPHWrqCmm,3299
TXq1EMo6EWNWKUN2G4iHmgJYVNPMb1zS55,3374
TCik6m9YjKeygh2fWaG2NuWCphjcg7ZcMM,3403
TCZQhkCrs2yAMYCHJi5i5SksY1tyxex388,3426
TEcKHi1TDpZa6e6LFk7eFxQqQuWrDPbqqq,3445
TFf1C1ZJLVtVKnou4oq4JXuc2KMpWUurnn,3703
TPKAJQQ3oWoQroh5Erv4Ce3mZmzwFhPdbb,3717
TPPSqjkWvCtkWEzVt7Yg9ePpft8qxtMg11,3718
TZ5Ap8abiVpEBF2JZzp1PHGCBGskSJoG22,3820
TA1JNLJv1orNps1YSVqrwvJJuPoznyjuZZ,3847
TG8BEQycK3L8QeYAwLif3SSmKZKKUiik88,3863
TVbexnaYEFnm8hp5xgk7eTbZ6xYB9QqAEE,4194
THpz5ygyicNRdgTpRnkuNTrJ3JGXE2MQLL,4274
TJvGje9RqAjebHjWYqzXPdVLjhw5LGxmaa,4379
TRKt2xs8gGv9huMY88mf6ySjXANhHCxQ99,4481
TDiTcU3MijEqV7BwMBv7LtnSbkvEzEhFEE,4514
TCd16d3p8snVo1XkTpdhCmow3ZzdzriSgg,4520
TKbggjGqv5q8WavMC5pGfK5mJVSoeAq3WW,4536
TR9L2F9CsZVMrvpMwZMwJVExUMFEAzDPoo,4601
THWyxBk8KLXr2wWqZ2ZdxgTxqBKL4FCjtt,4626
TYcAPMNsi7yQu2rmjadAhr9VapL4bnkCCC,4680
TAg6R9TPXCt1rBYUGyexJvVsFFbSyrpeXX,4696
TVJkhLqHUaxHsXampJeRSKXP7fzUnqsw55,4719
TPfFcWTpJVAKjvACpkaeaPwUzfDQTDhicc,4782
TLFJz6nWydudkUWuWVamBfnf4zgXPBRsss,4786
TB8uFf622fApXwBaM45CKtXKa2d8MTBrxx,4908
TZF9LbDDw5kq9Gn5BTkijVEdZtPoqdwPMM,4987
TVVG33TfXEVfkwyJGF3xBxo6NoGAHgcT99,5010
TWXsnhZSjcTH27QP3NNb15zWhdEP5et4xx,5021
TDF78DEgzj7Jt49dpmhnmcHMSKyEvxrL77,5098
TN9wtnyoHxgq4xGu6rkLY56dDyStCyw3AA,5195
TRSiWZ7ZCBQaW6MJJCf14eDFfJMKZy6ekk,5215
TWba9xLPsXmmb8vyNzuy9UdYWM5FGArnuu,5299
TK5sB5UbV6jgpVeFsCNLvVagDyZR1PBWss,5438
TH5fFHqLXmjaqA2bmZ2RW99vK3j4miop11,5450
TBF814BAc3mnueLGmpGeSJNurtJZ8NS6mm,5544
TQ4RR3ZUQwCuYLy4inqnD9Lb1xDU7ow7tt,5640
TBWMhwUCSEK7nEsgZqaanSNptsujEf5V99,5692
TEgYt1NPC17kAoLiXLNRuCXM6UdESX3Zzz,5704
TX1m5eZcT3KJVSSyz9CFwDZVv8MdkB5Xkk,5852
TMVMzssL1nr938WiE1ZmZW2LQGtmQTdJee,6156
TE7Ys6Jrpedzg12PRooZGBV8BLkLhsT4pp,6170
TQfcCmMMfFd8uUaQ8ey6PvnEfPD2ty5wmm,6238
TEux9xABbhLvKJTZxNQcLXsb5ZBjbD8EZZ,6313
TSwPsJub3aiGkFdMqLaRqpkZrifPa59PYY,6402
TBGkqjJ618Cc5d4WM1AzAf6p1UCMFGAfUU,6491
TQ8aVyos34Xq3wNUY78s12qPT1D9MaDPMM,6510
TS4vLxjNsuFs5MQTTwNKRpJJRE3cfCULZZ,6521
TGSh82pokG7VyNUvrUDqg6hMFCbnZbySKK,6532
TRaQQCLPheXRt3yWTEqajQz1Zs7mKkY5ii,6625
TYuiGvDSnPxw1eFJn48yRf1hCtCeY9e733,6687
TU1BrVYhiFgaSdiLz7cP9748eME3PZ3o88,6805
TRYa1gA5ESmUnfwmioyuJHVwDxNM8YQoSS,6806
TNEH7ZnGEFbqSJtABBpK557fLB3enUithh,6800
TUYJomdRP2wkvuyQ8deD5jDuAtngU4Gxee,6834
TBTFgyYk3AZPNhKuap4swk62kPeVSNwEdd,6923
TPygbbuqRUurPzDeeVpgLZAdJQS8CDjhdd,6965
TYfRw82xbRG9PERjvHmMXsPdC3Y4uEojRR,7122
TGVpGTxhAM5hAcNzDBGFrkSswj89KsdLMM,7129
TMkJ7kByFZGYZJgV3ni3wGFQpTy3hzDSQQ,7285
TDBFX2RnYJEZ22wQURYJfwFmSUqmu7ypoo,7404
TM2EBs1RqwxybNdxGQnbZHAUkn43bXHGqq,7431
TAnFbFupmoou3Ume2tJUQmCM8YZ2mABRss,7528
TDh2yoEHSoFhdhEK6iMDA3XgAWsS1RTaKK,7559
TN7vapSvVfVsNqDBqwAMjrUG9vJ1S6ehBB,7577
TC1PUMr1PxYBR22H2AvT6NorDhXnumGzPP,7591
TLrzdQMAYfgMRVJtT39frX48cGtbEG2Ncc,7618
TYm38KJvSzPMBJqiCWiR9ndYzgfupBkD33,7730
TN8xPNTbXLtVZeR2KuHpmUH27vRm8srgii,7752
TCP8afsAi33ia2em9zVrqEgTMkBDZ9kX22,7786
TQmATifc4ijoYYSN2vFQxjjYdzqVMjj6YY,7788
TTUkXADxbmSdum5tbgS5Qut2Ckvx7N4jWW,7803
TM1EgGbZpBFtCYQY5LSetteL9y6hU2LcVV,7849
TFZwax3n8DSLDYNe63eTGT2VtAq6UobLjj,7927
TQzF8Rjdqgqx4kJYVwng6kLPQQuxch54uu,8064
TWdRVMXq1qP6jx5nxtqnSbSaqH7TdY3Hrr,8113
TDUAaoX9AHzpxKSaeE7meZtXu9AiGRmcXX,8225
TWHYzRZGX99yK3x8tD7NbXRojxsvmM4JDD,8294
TPvtadQVttnad1znUGKCQ4ZXpcoTp5edzz,8402
TSivUBfVrBqNjSGgvYiGRoxcwg3cramTkk,8419
TG5UxssSvn6kg8c4DLn8FUt9ecFyohmrJJ,8433
TP6RPhCumsJPsNhv6iPLqJDx88gT3k3h44,8564
TVwoWGkecGsrFPdgvjJwhP6jg1kinty6MM,8708
TCNyvegZv3aEUeaEn9DsXcJbczGXZVj5ff,8749
TBgxwUsVHCykjSj2j91g7UoLbYtsba3W11,8758
TJ2Gb9FZDJxYjs8cky2Kpfps5gWbGZ8amm,8771
TC3GMwjeQUAWYm1eU5YHi3dXhcqduDemVV,8773
TS2hoB4VyXMT98njewMvHiruCJU85sQczz,8787
TTKfcebw3eSKKJfeD33WV7NDsc2BYVz2uu,8789
TGyWcCzfkJHSzhEp2a9xV1GQmHsssfQvVV,8799
TZCEzcFC6sWGkdtD34xcZsVisQyWDPJNTT,8816
TWVbWBjnkhwwQTo5V13qn4EJ3kagLakwnn,8835
TK9U6o28D6F4HhbyHL5raTDJ8hEiCnqxZZ,8838
TYByfDtFXBKh482sQJT7z2jtqpHHPixjZZ,8862
TR7NVAKYjsfwVP4ZBeqrxR9Gx5EuLJsuqq,9030
TRP1qNbV54w5dCfLcd8X6QXAuz64TCuC33,9048
TFnWJRBUkbEsXbQhZkPKa2nCMD53AEH6nn,9129
TB4DphGajz4R26YsZsACwreNqW1Mjdecww,9231
TZCWK6dyJueoXqo7gGX9H1uobj5zadBGoo,9374
TNjhHt7vaRsFnT6ymBhX5neuCf1avTU2NN,9381
TDbcpnZf286iVmf8wWnWSLQ2LRBdLERK22,9424
TLgzEtVUSQmmh3pKp3c6fksV6xFVfEEQww,9571
TTQoqB3T83rmpAkef4rrLNFZ8Wrmpw4YCC,9611
TN37gLAzEB6vqf1vstbESKeN63WjRo38zz,9650
TSbZXJ4qWkSmBMHefNHiGURsRBzdBf8B77,9693
TGpUar9pyCVAjMEYggQZuAb51nr4c9EDYY,9704
TTMfPJK5KRDydc2ro63AQZqFAhm9sXp7oo,9717
TAw7tGP9AY4y83E1tNFJYdZBg3ntbFyfTT,9823
TMEKS4z56MRsXTNWCovm2knGtTeLNLnhXX,9825
TWnVFHzKxZ3ufJhaverK2qrpFeaU8HJLhh,9870
THhmyz6pugqeBpacvuPJNv9SwubWTLZQzz,9938
TLUMRdQBjbUi3BeydXXgCzexjrqkscbNxx,9964
TNKW5i2birKt5BEPuXzdUxz3Ex5ZGxjnLL,10015
TPaHbquY2Qjoxs8qvpHUZs9PLjvErguZUU,10066
TLjZKuqsPYEiHTfd5YYbHrdBPH4Pqzid11,10155
TAHem69UXutXnEmznTsNd82FAQYRPx6Zbb,10196
TXtyG6p2X1D1CVq4SsGDZX2fBpV1ma9GUU,10320
TLaUdDMciqYcz4J92f3HiwiXaUjeqsP8dd,10478
TUnxiJ69JkbqjTircMw8G8fJ6QGJYegt77,10488
TNHtfwLK3tzb37BpEYGaiYmvv3Q8MpnLZZ,10505
TW327rr61Cic1nigFN7ETdj3p3YvzwnEff,10569
TBzeqdTs4LM5xSCdvhxH6dzDfr3Y7z2fUU,10598
TUkQPg2HSWpMTXcBJyg7mxzTYJYHGaHCEE,10679
THzdzK32eRbymCoUM2z18tQ3ffScp5oNTT,10761
TGxDMRmJWrzn33txi3KXX1ThScMDMdDQyy,10923
TU3CBc6CGm65PmbHVWES6d6oWVLF9hZHFF,11163
TSKz96iDEcf1D3xhZU9yG5r1BBXw1YkHMM,11292
TFoNoaH5zBN5NADY5SYE47UZVHtKTn2xQQ,11301
TP1Xhgxk1QC43u2BiGSr6eWmPJshS1LsMM,11311
TAgeJo7s3jREMhNJgD8yfN88ViYrXdHAKK,11503
TACGDzVA3fRC5r4WzUXXYy9t5ERaU2ak66,11582
TEiwe2SyJ5PNir1rxdXSrJ7d3a6tJyspBB,11583
TQshcB2D7UAk3fHVSRjYbeXdsBME1p1kJJ,11590
TWS3rRSUVgERThcB8XU6Wog9RUcPPtztDD,11765
TZ8XTikcrxfcF9MTdRknaRWMRvTwH8N1GG,11821
TShZQUh7N8u1Q2ALpzx9dqarSTmzUayd77,11851
TLxExnvAUyNGU3fUhh11pxuX7UWkw3G2HH,11854
TYraRE4Ck6WAcqKN9fWDbNsbkT71C9EGAA,11953
TUmC7pdvJHGncJtfZYTkZhzriPhDJTMArr,12032
TTyJqTcpda6nVqbbjhuzY1rzMUPPErXWkk,12051
TMNgWuxPQ5wevsGe39Q7bL64daMVLNVCtt,12062
TTXg1tJA8PW7MxwHMeeH85gFwfC4WZ3hee,12087
TBjzwYSWRjJ5V5d5YGUag72XMAA3pFNmhh,12179
TFJgDLmNVg8HhM77opqr41Jz9wKWqp6h88,12200
TKKuB7JSGdYVqrKVZZPzUcUiR3MnAVJJFF,12203
TStqTt2FzjktnfYUbbbvrB3en7qik3BvRR,12275
TS2VoWp34nid7MMLe7NLEJSbsRWgqq4rZZ,12331
TK5e5dZd1kNjjFYsPunPWpzDmpdkMJ81tt,12423
TDEZ3hVWtjQUx3XDCdtq8zepRa3GDDJ333,12465
TCVREPNvhxzEG3jR8V5eXTZFes6H8J8cXX,12717
TTe856zmWFLxYDzzHkwDBkbGb4nh9NXAoo,12843
TQYN1uiHwAeK3NQRKHkGxo7Sc1MGkyP8RR,12846
TXBxaD4eHWGpNEmKbkzZzHY7gFiMff9frr,12878
TDY4o2soCBcomgrDzoQyNX4V7gLsHq6Fvv,12978
TTCi2R9MCctjTxstqs8DC1iEBUgtjUfXww,13131
TKQtN9tbcndQmfSQHU8VetunivbXzDXRPP,13204
TX2r7z814W2m7wzVWXa17SpVB5sCRqKq77,13205
T9zo9y6HnK9i3mkC5eXDA8SNWbR8Je44pp,13217
TRVNhFZ63CZfPex5Bwky3iraWLAX6dz1UU,13244
TT3PJMVgkUMsUiX5HaQSzwMd5ZJGFLN2KK,13379
TQyZZ96N8UPSLbt9E6ZL2ZreN97ozMuU77,13395
TULLsNWYtXJKEzM81nAqRxZs9McMGVLbxx,13410
TLcd9UqtGurVBVFeG5MrbV49mbB1biYFLL,13419
TJZGRRUnvZz64s5f6N71FKn3QdVzpGnWHH,13461
TLzvSJ92amgQCmm1eDYT3EhVCaXyiJHANN,13476
TCiVVKwTK3jEGVfF2ZYJrxvvPtjDrZinCC,13526
TQ6LoqZdQkFtkrPF1GPnPHo1q6wGAWo8hh,13543
TN5A6JzFnzrR1yUwhxcVGaDVeCnUDvqfMM,13657
TBksc8ReyZG98BiKwAeRBjvTUaybjnGLCC,13666
TY6GNUF8U6CUCLbs9sCPJUVzsKsWZ8GC33,13680
TXPBeo7E9zsH4dwBisgmsxBerbuKMfWNff,13700
TUYb2K8NQoNHzeicjmdTcreTHNFuyPKzEE,13754
TLcjmoBq7sop8hV9YsqbyNvQhzT5MXBsjj,13780
TC2SvqW5rgBwQL7ehcFD1SkfkENespQEPP,13814
TD2Fy9TRfBGC6JFAKJMwhWP3PycySBDmnn,13931
TYzarCx2xunbpXVm8SUQWwjxrSxwPeRGQQ,13948
TPKWe8jaW45D6yvnMeaGfsvscBiudJW855,13990
TKHJRXn9JVbvkP7MJ2uo1sjcgnhhfMcX44,14010
TVyLkUWEb33EEXpsVmiEd1QtPf12NQTDtt,14098
TUVaUFUQJ8HyPbqjEjHBzsZAFoQngx6433,14107
TEqViSDV5H3PXs5iJ1WkVW9V4SHzonzW99,14124
TWoB8zEodWzGeeJBnZ9JC9YFXJUZWYHMww,14160
TMuo9mRGJNnf3oBRTafxbPtmNsX6HwDgkk,14167
TBaV4UtTe8QKFPwyFV6F5sqMMws5i9c2ZZ,14184
TTEuSKvjQmb8VG3FCQoos3txiuaDouJrTT,14201
TWVV9G9WonNkZRySHGiEHo5CTJ7sN9ZEpp,14202
TJdVGHS9yiKto3VNpgU9FMmr8z56aeAAQQ,14256
TCkBuAHaUysAWguRwtDuwnwSLnALz671SS,14415
TQEjyrRrkEBt8ktn8ewvrJsDuNbSDGAVHH,14410
TM9mE8k1C4MEiYnqeQGdST8z58B2ewpTvv,14510
TMsrvZNLHKbaSnJp6LKy16qNMzjzKbD3KK,14521
TDdWBDiYUN6qFiRNVDEYaoXebyMPHFm155,14626
TUzvxQDQ3qpBnH5r5Yoywd29TRh3PtF7ss,14641
TNwCjwWNYNzGTEDYmByikqqmV2y35hQjbb,14714
TL4acx77nU3K1omk1cYN4wa4tzQVjTknTT,14754
TRjJewPKE29bH3yjkeTY2P5MdFcK2go7dd,14801
TKXLf9E1Ejptz5FUQQh46njd3SALgbhFcc,14815
TPUbWB3huWKohuNnrM65KEiXvY4GX7rbQQ,14870
TELLiuADhmwfC9mUHbvddvagxmHj1yUr44,14925
TDLSDzAJzj9fB31yiGiZx3r5ZgLsPCyMww,14942
TPWYBSnAQ4pVHm8swk6msTCP62RbeAczjj,14949
TJ4atN26Fa8bjmQRczCF4SfABnbBsnLrDD,14973
TJnm1LymTwthLHsLAwcGo4V2k7wfLZ5u77,14989
TXNyxrGe3gP5k5zd5jMuxqmj5eLEX6wTHH,15002
TFJVirxF6f3E9qRXS23iAssZugT8Eoh6tt,15032
TVzsXb9p8BhjnTHidkQwYsq2rSSXXmRYJJ,15048
TGM83qywRPbz2ndg2QtfhhjKtnsCFeM2XX,15080
TNgy4aSBmS4oaoQGJCAJj92xENMun6dzTT,15097
TKtGViCJvZzDoQBMjTgKV3cw3je1iLKmaa,15274
TPFzjTedLrMYh19YcJcDwE96iQj6KfDspp,15383
THs9du4ygkFEMrNry7Dbnys7h27SGsuYgg,15460
TMNSuHACq9HZomvTAdEhRDuhsCES5NgQNN,15483
TVGcn8TatrLbR2FpbFW8uNY4CJAXRoJ8zz,15494
TUbWw6LKHf3ThTjhrTtpJkHk6PYAUryVdd,15502
TLbkfyda5yLxv3HvQwA1MyEL4KvjD4mgFF,15512
TVrgLvy8ze7HUixp5k5U1VtnG7xkb8Giii,15562
TBeadftuNQrej8vWV3bxRcZkovaGmhWUCC,15603
TGASpb9HmWZNrY7atnnZr4nmqbYiPFBW22,15618
TJikCQjjdD8pWzkHYaFmjkyTVVexnSrp22,15641
TFtLhRFToRo4cyT9WiYEy6PnvjcBXGjjXX,15681
TNhPwmet5FoALhzi2YC3dcWdqj6beseWyy,15823
TL39sPXDczQQcYwdV15KvSaLvfTU79bUFF,15842
TW9iJyPrjRuT3rr5ZM63TkkaodKxyGsogg,15970
TJsNPcedr69QDG2uJY6CQgNeM8XgEUJqUU,15973
TPTgVburNutgLqprr6u95pp3LEv62m8pTT,16140
TT9eLfatp5krtd5M4V9zKBzdmejkVe8Zbb,16199
TESQCBGbPKVq5AXWbdGDEZdiRMYT9Qogqq,16269
TNqdxe1xegJuGbC6ZHL6WJduRsR8srbtnn,16315
TAEoQMbK42abXgCoPjtV54WGAvAVYfWx99,16394
TTAQmDXCZvq3ZcDzhpNGH7fMiJohmxSp99,16655
TUxjMGVgWHGXUDyUyrFAR5XEdzcWkRWybb,16836
TMyUWhfiXH4RjneAy4Gg7m1NZRJXZqPWww,16889
TVQA2TKAfznG798z7cmvW5PGtceo7o63WW,16952
TWQRsHvnhwoQVBEN1ciThuAbWW6eN6Ufcc,16955
TBoc6VqaiQt9Wjk6neipKrGjs3gRoQ8L88,17344
TJ4kVxns2CVGZkycJNNcp5YUyWtHio6gmm,17341
TEmp5hPskVxfHFdJvWWEGJy7xGrn9pVCmm,17414
TEVtwW8MukBWv93kbQHBXZFAbHUrpqgyAA,17421
TVnFruDYTsXnxM4acQKjcJ19MCEUkZN455,17443
TQDxD96S3nnimcK9HBxTMLrkZszAAKaAHH,17639
TEccwjGErWwRXG56jimaiVNo3G9Za7fByy,17652
TTj72MCJCoCZmKnxvgCq3vD6yNUBVB5nyy,17700
TLxnfaFm86pS3jt7yBZ5oAoTs8vwzqpLWW,17721
TBS3NyDVQ4dnH3yZzHGqbxNYUkFoiRpR66,17734
TZEWjj6UrkB6WDnGFMVLGTGSYitkt6GGKK,17764
TJndpTHLZ2nk47TFXf9hRCxDYYyH7WsmHH,17860
TKQuXPdp9sxAQ3UhAC7rRJVZhyfXdHpHRR,17957
TPRgfG8SR5QPd63WCX9U3cRhZ41FkNSNff,17996
TLnYVxLut3VsHaSpqvMvtETQd8TYgXctYY,18001
TSk7zkXsYWEz6sjiZSzEKQYtktE9irZapp,18003
TYs92Gcx9ZdLKd4GhYZPtqLX8NNcn3qVXX,18048
TQb789eQYb3hqGGvsNgnmpbTHVQ32NiPSS,18107
TC1d8jVN5jfHcWQQi5Hd6J5hAniVGTmamm,18159
TNwRSNi5uW8RNWZPvdEgtVeBUw1gL9YYNN,18206
TVYe7HGkvG4BAMVE8rRe6XhypreHRr7jvv,18250
TDWoHQ6D74eJx4qFcJE9UzzoXyfGGEVtDD,18244
TYkgsAPCCgQHs5kz7sXPsy7PSoXDSKecgg,18383
TRmFG4zySDTv6J4JiHYBE6yyxDWnjQbMZZ,18408
THbfD3B2MisnECaN6sKGDzd5sg4A5hEHKK,18722
TWcW6NzkHWEUet5wwpshERYdrTfjrLLJQQ,18777
TL6A2mwR6mdKqeUECQAeNSDkE3pcvpUXss,18931
TVhGZZqjh1PEc3d5fTuVQZyfzhA7jLPbXX,19051
TDy1P6LjCgonznQUCLiTgDGA6t295yqPff,19123
TBqyP7iHKcSkHbTB4DtQSEBUc3DPuURLkk,19163
TYUh76rHTsk45cGWgT3DUUonYxtS4tMMdd,19180
TH2vvRscAanNXbXQawZwbBeSCgKv9TZa44,19195
TPoVHr6DbHGp5FRHPbturmGY6w7awMCeTT,19197
TL6JuWBSpnwCy6iFHaRNDcfrEiGdq5TKCC,19211
TX5ZzPYyBGUvHrCvYxHta4i9GrgGhX9vDD,19216
TW3Gdn3Wt5JmcLY9tfUtCE94JEcGtyAoYY,19219
TEFE1S94Vib4jp3FN5jHP97gM7tuXsYWSS,19260
TAQryPXF7D45QjvXv37ck4niwQaPBKhLAA,19401
TLwaZRVonSX55mjNkG75tFWfs19BTmPiBB,19550
TJ4MNkfYYGkSUApnMUQMvM7oftUKYkSZww,19599
TWn5QXV7jzPzk27F5de7nQMErN4EXbEqKK,19621
THAWEmEjmML6qoMPKaR2w1dzwfEqtdrrjj,19634
TRNVBZN8RMuVsg7YMiTrU6RaEgJwBLBM99,19646
TL4eznNaGJq8d9JhtkZSLNq3tfSiNEaE22,19664
TMKzgrJRgxn7N55kRuapR8NuLPTZv1Pyww,19754
TL7Z9tx2DZhDQsj4ScUwjFReFEbE5MTP55,19755
TGEtRzaEv8ikUdXcBoR4Eatb5sv6a3wmyy,19802
TTi1uvwiKEBdkqRW8HNgpTTxMuK75xfS88,19852
TMGiCQetoE6pVEhfqg2YoDTg5m8dSqjf99,19899
TSKja3WAm8qZkjBibU6HqaPSnCirjAwCmm,19904
TXAeVTBS9urTc3wHy1sqgbwPE6fuDiNFrr,19986
TKSsb7zZbf89wWQ3qqw8f7KUfWft27Gejj,20073
TQNhnjoC8Nc12VikCWL71LvgivNn72oVmm,20134
THFE5YM9kJjNU33GfeVbNdU3JGfhAEb544,20173
TMME2hzdpWgnpSKotKoFcBkfCkJoQXbAHH,20187
TUnZQTS5mkYx39Z31ryMbQeRkzgLi5Pdkk,20215
TWNk68FKw3avLMNUHj4hu4NngThBShUx66,20250
TXBffbbLRiAtf3t9RCxardSoFdE3Y3aMnn,20251
TMUVtVjiuvQgVydqJYja26tSANkHsXgTnn,20277
TVQGsLEdQHFus2KTkdo6Mm9x8t9Qt2etCC,20337
TQCxyPpRhadTaUuErGRjMhtL3zWXhL4bXX,20338
TK1yzwqcHrC8U45r9zSwdpgXhfvaYXVQdd,20351
TKYQ885MjSQHcT9RDhptqnTZnUUJWxStNN,20357
TPiASer4iWkTVSEjYg4yTbfUnzMF4WxyWW,20370
TLJkRTvQXuJJ2idyrqSN95GzDqRJ5y5syy,20373
TBaaGfkasg8ay3FJtH9srNhoDfxYm8MsMM,20400
TAYsTwBEXo9ibUZvc1RUMWsVxWBjCVMKhh,20474
TVcq12ZkR7Bch5eHEsFAdayFQBhr5BLCii,20484
TBEVR2mLdpiyX96uRVk8ek4RdWNL2a4bkk,20552
TE3shgwQoiYuh1T3bCM2wqajcYUwRqwabb,20575
TE5oguVJcgNah2x8zYNwxf78qRyBP2MC77,20515
TXJZJwMqNBMhqPqyeHRJWdUPBmwQLuNeWW,20652
TB6cLVukuAEKHhhoaNXzNgcHxVijn5Btpp,20770
TVXoxfueKu8MYNh8HyCjAB1H7akSbc2qrr,20773
TDEHpGmwrfwKQuLDmkZqMLbp87kxJ7y3xx,20869
TNEQ2stzKku1jphXiW5E9426CZaEaaiq44,20894
TBpsGn6Zy67KoGoz71gHJDc1AA2tbiCJZZ,20950
TTLckATM3SCf8BK7JNy6xo9K5wGGdLCKyy,21043
T9yQh4KC7Rm73sui9oLzKbgyUoR8DCHY44,21047
TSXFfU1y87nbBKzfnJ1YfShjBqbar7RhBB,21118
TUxuJEHW39f8G8iT4c2gsYZqGwa56JLGww,21189
TT7NjwVKFdEapZP18pLij6direswxqkH99,21217
TF5CtyFB1T6PdzknHkB2odG5gdQCrVZbmm,21261
TR9aisoMxjDbBzsnV3M5JkQppRqRdyDfHH,21286
THnw4zkWXRUWiTLLdaZ3TpzGzzF8dekdaa,21371
TVcuK58Tp6wjQwihwJWfL1TbDdmk93RaGG,21388
TJ9dAGH5N4MKVPpYYu4wrcvSmJg1nsTrii,21405
TV4VTkFknvs8hx7FouZX4BYgo2ErMSbmdd,21410
TFVri7xQa31qAA2EbLkR3dwc86t3hgkY55,21425
TGRsDVuXiN4i8TtAsMHeFAccoqeH61Romm,21521
TEwAvKXtFRsdCtBZyYMAnFsJ7gvPy3vBPP,21574
TFw4bhd4ukSuvwak9Fq9krDKJJJXQJjGXX,21589
THdookJHGu1JTSK7QNbj2WGqnN4C6KcJ22,21731
TV2FDMJUS1Wh1GkCtzktKbqHaCaVZArkLL,21773
TLZyTWxwejaXRQBiEz6ary2BVDq94Cjp44,21815
TQwWfgCyjqeNkFDFQmSaw2kSSWGdY4UrDD,21828
TJ9KbL6udDuqEvxtGAmhtSmjLBAsc55L66,21893
TEEuyGmajhf3C9r5Q3wmSWZzTVJqUvqMNN,21906
TYmMw4MFnXUHrDWGeHFpjaD6uZ9yYBxXpp,21955
TBPpJjqg7CerCvS9KMb3yAa2Rb1etAP4tt,22264
TTB34Wr68WNV6KQHTEy7XaHLgiagU1UUff,22307
TJ3kr4tP5BgM7xAW6KWgUZKFVw2hTe3Y66,22323
TVEUSfwZME5nRPipuMoLXQq8eAekZK65dd,22373
TZ885fB3hnNY7bSF1WiRFCpDQhFd67zmpp,22391
TSWVKLFpZc3rCegzjnf8UiUUSDW6qrkpqq,22433
TBZ5b2dgi33iJpGf6BGPD1kEA9PpLD7qii,22452
TKmWWSfqMUjJCHvWTt3yKwhTNn7uDAPdDD,22491
THkupEtm3ZLMNoWW2V9Bpx2GQBbpTLgV22,22493
TBu7ft1ugYqfRoroFiyb7BwZnSc6Mq32YY,22539
TVstDh1hRw93tVxXhZd51c6MVUgpxmqaff,22636
TDbD2PqHUqPEq5bFWExQ2di51Gb1vtDcDD,22661
TVvnFDvYtzzWYeSz4UyoX4NaPag9wjFJLL,22697
TNnZJSfr8x3tdBYRTN4nqUKtwbmBU3qD11,22704
TTD1vSugPdRvKozj6w6365WYojThh69Jss,22729
TF8mtetVU3Mw8KktLv7vPdmc7TS2d1PZ44,22736
TYJDhDxzAZxiWEAPELhViUJMToMcByvGTT,22847
TAond5CAF1xyMBiXzcm1DkyvXBQsycxfMM,22887
TFU5Xj18QTS3Y8rbKPLbvXXytPVCqQNpXX,22984
TWDfDos7A16Xqmws2UUG62sjGj8JQZa6rr,23012
TBF78fLzJmF37G2TFTvGSH6NCBdpx1r699,23045
TBR9fV31zS9kJQiCUfXTdnkwpU6xXcT1hh,23057
TQGpqQVm1f8dTp26vJPj14zr9mGsKDfVcc,23209
TFctGGEzuTW7tmsY4xafe5HEfKgj8Dwm88,23271
TXQ7RhtHvLo3j8rV5oR4ioZfTYF6EWz3ww,23381
TVRTMBSvH9zqG8YpWmJ5BzhBD7CuE4VVAA,23383
TYmbS6MYLYMkXyZaeF2dyv6C4T4exZUkbb,23614
TQpEiCY9SEEMCsgcr4UUytJLZormWc37LL,23681
TWpACbhcf65ZQG8shbTk1Ly2FvbstGAbjj,23736
TL3ZbzJzEjdGU6pfKs8gv1NiwNg1o8Agww,23812
TTH22bMsftePaLEZUUugX1gGu85ULy4S88,24036
TBTRXgK1cnMSVFLEGidkZRvYuhqx9RbZss,24139
TEgRhwid6QQKRjQhYrCoGhESGu6GmmJETT,24291
TWieH8Qkk13BTm8QNLioiuvcwkRKoz3Xss,24311
TUGgg5MMRXQCb6umkYF6QmHCRmJGXwMFpp,24421
TEWQpgEizoZpr9kmXJFG3JxPURZSpV5yWW,24484
TYsUHfhymfwKwnStL52Twmrcf6WxpoheVV,24541
TJEhwrFNBWZwt7JQWoKQBgi1ryjsSknoFF,24586
TLt5viBQZUehkJ3FP4TeWFdvxrAHz3adVV,24589
TVwPXX7vEPsnz2riYWj474QzdBRk2UJjJJ,24770
TSaa2Y8x8dqJ8M6h5xxmLbo3T7p1QDxu88,24847
TGVVyk1biGnjiNzXncNhhPr5MbQ2NytMRR,24902
TWd9xBP1Yv18pzqErvgbY8bme6be826rXX,24946
TDG1V8ZcjCBTvhhtSuxQmNnJfNv7WCoMPP,24985
TCSdt2d8nEh6VYGMG4j27da76zqSgsSbss,25011
TT8LuDRJfMEDWmR4VK3xSFSH3QFBTjqZ22,25119
TM2BjUW7ah6NjiaU82G4WahMNtR1bswQ33,25140
TJK5FGS2PTNoDuG9tTEi7WuYGRqfVWAnvv,25168
TCvoetywyGr2mx7Apt8DvPtdypJSjveQrr,25192
TK3md7GCAiYbkGXooiCrDuKN72X2X945NN,25238
TQ9XDuNgeStCJhT5qZWWr853oLiwybbYVV,25354
TN6cvp74uKiUdomxMv74ZLGoGh1nR2MLNN,25393
TC7csVAoEA8LF7iWpoPBHzjSD7XaZUhHee,25409
TGk7XN8aRTsArRX6tSAzXf82cUsXjDo7zz,25666
TWqpRoBvnJyqjQkgfxwgg1f52NWW837FHH,25689
TAs5QTcZ1sspAk5LmZQH9K77y2RyyMvdHH,25785
T9yTkDjEMUHSciYvn3q85mHReVZG4Ljchh,25891
TFdmVhX1CMoyRfF5qcbW6o7YUAUakqpwHH,25908
TUVqabit4bceLonq7yh8AVzXNQFiKzTZ99,25980
TRUdTrGsPVV74nubqZNeZqymkZLzBDuapp,25997
TK7d49nKWChoZ7aHZn1gGyDCuRiVY9XT77,26056
TYwjNxyT3Ep3V3DwfabE3xSZ7VD4BvfFTT,26081
TP6RG1aj6AiYhycS7ey7YmHDRz5Ay9k2YY,26088
TGqXizDi1URmp9hu9MYkbLhMdFkFnw5gWW,26127
TUV9S7chRvuexjA8mqq355LaN2fRxnfvkk,26184
TAp8iaJdnqJiPqYA4ZcxVcEArc7NGwwpZZ,26188
TGYqNjW16Jo8giDFn129cy5sjTMZVqgzcc,26250
TSXj9QguNnQRuYZ3WRSvSaWYz8g5hMjQQQ,26268
TTE5GgvwJ4eCsQgQKkBawg36vDtsWNiSSS,26454
TATWg4tMUZGN6AKuQtdRAeofqdG5xpVLqq,26552
TQ1FsuQJJa5fyCxFMmhx9u6mBshxx4Hdnn,26635
TZE7xNdsPpCRTpLd9PDYmoEhnnxGYE5Tee,26732
TD3bT8gdiQ9wT5wn8NhLiQ61RBLhSrZWbb,26928
THkP5QJkCdrqR1CNQAW8DK6YwVVbfgmkFF,26981
TNKCQST84qpArbg4ZkYRkrBbiK7yMdjAWW,27154
TLwGViB8AEmNG24JaM2XtQG8hEbJesBP44,27236
TFQWCkyVC86ciHsTKzjXC9bgA1Cv8dvjAA,27369
TLKHVYvUPWDqV9HKMHPT3FbgXxt7wgKxmm,27403
TUx3e4eoaTqQJQtVbUu3XAmdPV36YUGGCC,27442
TFA1BMbDxUKRwGCWxdRxwui1Z5WzUycNqq,27561
TVqgZQAvrvomLDiU1F89fZ2qhezyFyNxJJ,27624
TWAZuwebiaqeWWqnbQdvpydcPHucxB4F99,27627
TM6c6pQTfWpMAS9xmZY9JCkvfyeuB8aZuu,27707
TUg7PNTmeNiwGcbNjHN7oZ9s7qu5FcdShh,27708
THTZrXk9iUrYddXR8oHJYb1Xi9oCRhZ2pp,27747
TXQkET15Bii3gvoyNwwLgFrrUcFQEoXeQQ,27767
TEc6ysQSyhS8vFpe54aihqVCTqNzeLdm44,27788
TQJ88b6bSpJfSG7kKHaXkfpHRm6LDf2hnn,27894
TKqxpVgPT6jU5XP5eAUxW8h6fDkFNoxDPP,27895
TEzcnZDzyNbGiCCA78XUGuMefsGoB4Fy44,27978
TPfRgQ6d7YEDennUa5T5Ydbv34sosou9zz,28014
TYP7yuke85843XrkAQzeoYp1KpvjoH1jUU,28084
TSCsoYg7VzdXdvGDuiDJW6DJ69Nr6X7PXX,28161
TBmpG8BURCbuJjWfFS85uQVVGfD9PvqrYY,28350
TT3PUYnbpPXy1bhd8EG72s1KNELGKvhaHH,28436
TBto15WfoeTxRDdB5t936NFwwBv12zVDzz,28439
TB9SrBezxXB4qd9xhitiByC7ibqQHhtKtt,28512
THdsXap6UL5Geu95TPEZdwsLywS4N4ik11,28565
TYoU7SGgtTAWKRt6xSiFFHNk9cPZrQcqRR,28718
TUj88X3SDeWvs2i82wx94sa5XDYngPZc33,28777
TKYbDb7GBnTK1J9kasttMeyt3SBkbi1s55,28911
TEp8wTYKgG9d1otHCJXVePHUtaBc4jDXKK,28996
TXCyP9sjRhx1eE7tZuKgEcFEBPdCbvybww,28998
TUrV4GkUCcww2GhdkDT5jhcB1sxVj5ESnn,29124
TUWmTpkWULxD8fSbEQfGCCK4QDYGrM7xyy,29279
TFopgLgWyem7wrf6uHW1zhH6WjYHT87L33,29282
TAEh4SRQEqKPHZ2TnmZ6kBvnoWG7cqCP77,29313
TJ9DEHBA5sXPW2JLnteMritwsrm5aj8Tnn,29445
TWLQDKRXh9BjTaFuXrYZnGMoY1fASi5oEE,29477
TCXdnJye2AQFgPD3e4L9S86bkJmidrHhSS,29512
TRwRv8o6tmMQTVAGJa9CZQVEJErGiGc6AA,29643
TNdPQvjfb3NdP7wVdGQ85z1hrTwb1g3Bxx,29687
TAtXbUBhkyRsNrBXLUQmvNbuaWYvWgRXmm,29694
TKBLBub3VPEZxbrk6KFbXgSNUxhcQsKBAA,29695
TDVgxN2Y7jQm2diTiu65mYdifjkPCXWHii,29722
TRLix5Yp61q2iSP7jPHPnkFTRrpJoznRQQ,29764
TP27uqjkMdUb5BvMMLFDg3cueGv3ALreYY,29774
TSscSCbuorWkTjiW4RUbKf4NQ17p8c1nZZ,29860
TW6e6v37iv3vsqyw5y3WuXBRFZ9MmLRH99,29862
TNg5Cp4XZxnQsfJmtwJ9tjNtaVeSQP7Fgg,29926
TCR4ArfM6jm2FFXM7UDBGJoUQSSkhfy7LL,29951
TRR7uEGeMnE8aJpkVFemh7fZYX5zYKoCff,30003
THRAaQ2seMZdSUW4QdYwkh4bgeB1Ep8Z44,30053
TG8U2fLKx1rxnDM7XuyETWihzRTdEEbbmm,30056
TAqdDrcwpbRQSPLQY8Tc36jhgB7ZoS37JJ,30112
TMvxa5EZCTrJ2LSgTHVcb6crtr7whANTAA,30124
TMEHoVV6PSs7tRLV8D4pNpkS628p6hvyLL,30221
TE6AUXCwSVkfHfVPc1gJUxGu8b2TNoGuWW,30235
TKispyCHf4mwox3Wp5Tx2QCaDBcAzFs8cc,30241
TBTEKXtYkHyofopUK47s9rc3rHni7RoUFF,30311
TAK12ssZ2AhgFHHsBu5c5omZKsz4QdMAmm,30313
TWJmwtZARzqtaAju4PeYUDRBABmTdfx5rr,30406
TW3qH9Pi9m41DfoX53Bbxq2nhg1pjU62VV,30439
TViViMvVsdUf9ndmV3izuUBoJnBahXNSYY,30526
TTG1nWTfNdTxmpEKCZX73wrkUxGXZLK888,30572
TKVnsgok3r8MNTDY2Lvwh3piAi1hkcvYGG,30829
TM5YFy7w5oKZj9dEAMuNVCEag6e59aFD22,30830
TMZUNefERWnH2VnmE2MWdQ48PrR8Vppz77,30856
TLkyBqiq16ADQcYSYrpKYkYormBkGhA2FF,30952
TZ6n3ofp6HdpuQX3srgqEfaEC22i5rPrKK,30991
TT5MBBRhNZFp9YiyMKzzaAMvybdRkGwhJJ,30995
TLD2rvp26FZHBgQwUu9Ahs7zXmzviE6a66,31031
TDhfYo475gZUL4xtrPv2LCcQDp5K3Tswpp,31034
TQHFLkGYaEY7JUPnJ9eArMUxNnYvRjerBB,31004
TPha4V2fVgZqhVapiUQinbGuSFDxnbPree,31086
TSwUvXRxiDSJ1KkHqAUxiXWHFbx8njSbSS,31199
TJLMTumCxhWBoEPDvRgX481Mt6yPp3RiKK,31303
TCKtwhzdN5D5tzyZqwCt7BNL9D9vrwnTqq,31379
TQxYf4QC9cSDj3XCzJVpKYfHNcmfQjprJJ,31399
TBUogrrXdT1H6mYRrFD7q4h1RqDz7XUvdd,31435
TEjmdP9fDCvqnXwx6MpMhPB94kBpqcuA99,31473
TUxprYTCAYb6U7yPmzbLGYB1Z9srVSXtcc,31483
TRmUwohXpRHkWFFbtUA2AA64thMaosKTbb,31567
TLtFQFADaXE8DJXvrx28S5q7UdbiGRwKqq,31603
TYdCm7AoUepGQs9fr76PtiyQFA6FNK52RR,31614
TNEyqVv9MfUhsECK8dmRm1s1ugJfD2p9ee,31678
TVMedYhfjqSVumFasDanbmB53Ms3uxKmii,31746
TPW6DCuoRW4TiDdM5euvH3fdUkWWP5eegg,31781
TLhhbZCU3sWxbR1PjkNJAj6fxqTdSqgzWW,31826
TQnwPstPuDtJzPLDDwNMa8nnhMjMBo3Vxx,31880
TBv3L1VUkBqygU6DZzc1nBdpvNawnWpt33,32038
TAum2dQoaMW5uurEgsVmc24KFNg9MBHRee,32039
TG8rndRJQ7vJxnhHN91XWxcMDwMxx9jU55,32247
TNnG7YqDKN8NZMBxMAGxEwHcENUhmbdwYY,32248
TH2JozTDjyhvpGy3Ez6FBtUv6czAu3QPvv,32270
THmqVZtrEPY23tL1M9PUZwTJq6nXxdmU99,32291
TFsqeFECA1wMinskGKg4McHS1qBdF46tff,32332
TZHrbPgRz1dAbe7WVUdUkLGPStgpCjVY55,32356
TGG2aTXApnDZuauQDNzScGKVxDbBw7V6ee,32402
TLQ8dh47wLqi9AzNVLW4SGym37vbzqg566,32490
TG3H1Pg5xB1e48g5ZgFpMvvEirsQ9HMzkk,32491
TUt9STYok1nVVNyWHp4w8ZU7A2mM1xhDmm,32502
TU8AyyRBfz9521TXC6QhNhdDxPuKehn488,32529
TGbR8px74TnD72gu7DYsXGvpQ7rB15K3NN,32556
TH3sLZ6tGcrPWZ4morkztrXfbLnxGWPXCC,32576
TSuB27c1fEG4e7BReCyYYduzkazhmXACqq,32859
TEsJ7XUbhsk94vJLftTL2cqMErJPw9ugWW,32915
TSoXFZSaEG6Hq9bYFhq1SA4TaQwVdWC6ff,32938
TWf5q6EhLJag4umgMeTqJLNpGjQEEP5hdd,32956
TEDKS2XhqHz2kSZk3yTXW8prFQTnudcPoo,33039
TPnd7bHeNtZfB4bcVdhgGxbJxUjGxFP6UU,33043
TYZewFHDzmaxWQjZGAn1zAgjCTs7wMH6WW,33084
TDmm2P5KsBBB62xYtU4kmaTT7WyX8qzNDD,33102
TKhhwjmvZvoY5qczMda1Q6aZfNGdXVzjcc,33160
TDYMFTM7iLrmethPC3MkSSZAbBE5zJAY33,33256
THTALUYHBZybxxuY2Lds7Ah5uqJ86pBNyy,33434
TYEZeKTyAfHBSToAJz2tY6agtuAhc49jzz,33583
TJpJqNwCxieoEJBFZu6F4JLT1zcPmQmpdd,33595
TAz1GnbN2VUqTUNtzmeNK2Uah43nXzyjUU,33725
TFvoNzGjSC824ftgDNLoxzCL7UPHb1DkNN,33755
TKDpPP4dqiBhnpRjQPmNgaYoVdx1fLL4nn,33770
THDyiF4Pd5sfWnzUZuDL6yHCWgqyujk1jj,33854
TDhPpe6W1Xyzwi9AiCUraFfexEJ8U42tjj,33869
TSM34dF7CvwhN9zFFmpNDFQf2TtGd18aAA,33902
TGsTNXZgLqNdwtJ3HdfF6pnaPdvMXJbDLL,33999
TWVqdo4gGszHYtFk3nHRSd7Ez7SH4GBmUU,34021
TZBLLy6J23BwEiknfY7RiR1NJAJ48VB7ZZ,34042
TFUePY3mLaCHLrdzoFwcRuLSdc1MDvMqqq,34048
TAhNdciG6qF2bpCRZtSFjhLJ7FjQSrCJ88,34072
TDt4TUXeRSGiWEDSUGvzrWKRp9y9xctxoo,34149
TVUkeEFk344J7YrhNT7y7PKrGsb1cfCHDD,34184
TNV9t1B1NxiEcMdPJvcgGEQhcS6kf2yPVV,34254
TEdz3pZw8srzapLsVdedovdJjUCejSjGZZ,34313
TJCtY44B2buDgbV6qQuaoGALLDzU5zJ4hh,34318
TQkMfit8b31XZ81MaBkiNUoE3B2roz54yy,34360
TL2CM9vKsctzd2LfmDVWdTRkDe35b6v5oo,34361
TFf9AfRsHvmc6cw4ANBVDJQr3piY6RW1uu,34379
TVnHraxamhfL1f7DxhCq6jyGnB3w3QAiaa,34385
TJ7Ug42wjuF13eZPG8Vd93GGftyZTFJQoo,34574
THZnjM1mzbN6Q92KiUaeGoYqUzk5EX95PP,34630
TBanD31rWcG25kLRNRYfYiAMMeMJGUZUrr,34655
TXkEo4Madxjt71ywG9egCU866e1DYJFTBB,34747
TRBEHBVRFwTrVkYbfzubHR6Uvq7gtoZnBB,34810
TMm9ZbXXsa71JJnHnmd9xwcEKANrWjisss,34830
TYECKKT7kqFaf8rr1Ea8Qsd6WpPJY1zhff,34861
TN6Bg7ER7ga2ghP32npvJuA9QE2i1ZJeZZ,34869
TWQ2kUNJXD4XMtWjTV3bRyG1RBsCAUtsKK,34925
TQUM2s6XgsemdcSKdY5nUUGQ2PwpMDgEzz,34932
TGWkYD8hyX2HZWHdk6VNdNv8Lw6CD6jmxx,34968
TEzk26HHyy8LZsr2vbsanZXWLJkngPXNEE,35123
TX9pDW16b8fYs5MxJTyp5Dg4eG8ZM7S5SS,35209
TWZUYbJkEN7aZFYeYuqqhMYbPTxRMyi944,35284
TR86xhBwf7Wax1NEvLmU74ZNKC7mC7o1SS,35291
TAMg6x7CxfJHm4N31n3gBDakmL79ew2C44,35343
TNrGqzAVm4ZeEft4XFUdR4qFX2qV3rH2BB,35366
TGDFjXFRiQkkQvDy7oDxfijaRwymLuiN66,35663
TRUh7WX2qUycuWTewa2GRn5DJPk5HVf6HH,35730
THFFftiFADaKWDKWmwoMufSgPkP73FUvgg,35743
TTfewnPb3PJqewkmddQvfbp9hzK3m2i7qq,35769
TC7R5yZuQuDThTq74XJ9ac6K3zGmvMRoee,35779
TRhMnKDErAwcHeGz3gKQboR4MFTNc8z9kk,35813
THhvfdgzzLxcstwCbk1yCpr3Ph9BRVV5KK,35816
TFGjPBC1ogn1EqGukyzPGZQs3ea9drWoEE,35864
TYsbE65276tAMs5SNggz3LmTrtxT69vj99,35884
TNv2jUxyTi5QXWzSsbV8bjRxqvBpy1pxLL,36056
TU1d8eP2aT1Fs1GSiiUNma31F8bwAk6ykk,36077
TV9j7DH7S28ntFtYa3nt4F2zUBWiLbQVaa,36130
THqU4PwRdK23ELQZgdAdE9obBHEcgA3LYY,36131
TY4d4678AAqY6LMY2n4ptfqN3rZquAyUoo,36161
TJpS1d66TsPWgAFuLf3hiTGCgApDH1iyGG,36155
TL3Cb6rrmN1S1vu8jJqR6jZAU5WKzowyCC,36246
TXLHadPk1rRa5G6hr8DrcXGkb8YDDAW6HH,36333
TQFuJqUUDD5enLfNAm9oog2uG9VseYC3pp,36376
TRLweWiyGYvbJTkdbQjSzWuSBfqJGy9aWW,36591
TQG71ag1D8xXj3FK48rvA9tDtZ54Tn2xjj,36682
TL5GsY6WDu36URDftsjbLth42ynSaLJ2dd,36690
TSejGYEE4kyKkudAnNpdLJnQCSsvB7PMFF,36794
TFKFvcbeQtSDzqUjBMC5TCsYgFjDADR4uu,36917
TVFsMrPwBXngTJFJQCVYtUQBhVuqRvBRrr,36994
TGqHExHRNYBpvDHcjMcrLS83PWvnX2u8aa,37011
TSPoKm3gJfVWkZBLetPZcWTz6wR1Nrx9yy,37050
TFo3B3Yh1ENrVjGju29DrNp3yyCAvcAWxx,37078
TKq8NgxDjJoFnEEWX2R6aQCJqCHFHGeEhh,37093
TV8phYQ5KDkdfjuiRTtRLYDv2mAD8ZYf55,37232
TDt3nYwqox2WiLdPqCVX73PXcwi29P6t88,37271
TUdBJw14usynbEfcykAHfA5NZLsLuA9xff,37389
TCdfwHx497crycYZYLuffySNSnZPqoXGee,37457
TSiuMcNsfZ8QriijGsaUPCxzxk1hTEaGjj,37542
TGzVTZNthVy27PJB4bs3x3EYnMeLGneyAA,37603
THFyS6rAn34mK1pDYucv2wuPD3E79QNkdd,37706
TExiCRGLmFTiv5cgh4TMQyAuRrCoHchiXX,37885
TMqsVT4yudcbj2H2rm6azxJ8p5CrRSVEJJ,37892
TVgicVdNrpWW3BqCysUbdKFFsVkaTb7Huu,37939
TGkQNnH6xV9C8gM1EwAqCNgTnpaYeRPHPP,37942
TTMBNZcPrKxLK7JwrVcra68UwcCFyLx5gg,38047
TXhc9SNRJtasNkkCvYNzm5ycWzZtSfu5JJ,38168
TZF6SdMvk9pRJX7Uoai145mT5nbjSErCcc,38269
TBC889kGCnHeHC3fdJFGNqR5NiwLLzhy77,38335
TUKqbes9jES1TGM4FedpTPnxZNEnqPfLii,38496
TEY44aRSXHhdgBQUnpxVV5wN2jUy6FMnMM,38515
TYTfQLMJZQJSFThkpk1Pe7fMMYuGAHTbXX,38549
TDRTw4pWWKYU3CPT42H92uGeDbcksPfv55,38570
TQyj65N4TbqTFvhsGbTFeMYRVm5KyYuG99,38738
TNTf4Gc2BRgUwDRbkWokUGQhQdkGcFVASS,38744
TZJMhfZj17tL99nrHpZkPrJps7xuqNbjzz,38767
TDbH1SU1sY7nB4odwQ8SQ5qD9KAUzjcwcc,38772
TWB6541Qi7PmtHtibAcXu4eNj42VmafT44,38774
TL4bnyPZMQMbZq24uJ7EHHgqBASFCJeD99,38807
TDjdh98VuPvcqbxwEz1ViBiyECnXtwRJjj,38853
TQnUtxtiutGdpjqKWCmg9Y6v1PWjDAL3oo,38902
TCitmYqupkfri4HSrzaNBrw6CPkrbvzugg,38963
TR9X67fbhdyz3xyaA94T2Dp7c7LiGLvjbb,39259
TWPibkRZbpAhLU7WNisAX7jxQ4wV28NSKK,39315
TLLw4EAP7p2mXfQdwmfb8zDN7wpGj3RPtt,39367
TVJZeda1KNPxq7CZFYiK44czSsX3cWf5vv,39418
TWykCUiAqVkq2sWxdtRYDDMzTfEHZECm11,39458
TUq9C4q7HiNakWz2Ea1EbMHc8b8ooq78nn,39478
TE3L83uHQjbBwCnZnmp8qkEqpTzWmC6F22,39498
TDCZD2ZqerQRLskQRCdzYvdBLwkod4kfrr,39510
TYjQ3RaR2vvK1mt9p1QfbCLUz4QHYg26WW,39570
TWd3czHypVVkYj4ZYjMk5TzfQYRmsHAqoo,39588
TMgbPXzFPLfPct9FQLPU5HUwgGPCBKoRee,39702
TSwYePCBZAWKYfF4QG9cHzuAnQR4f2LKdd,39936
TQnmhAv3GuooozkZtibWUb5zgRiyAyfEkk,39974
TXnDdwkzALBG1sM6XcUneTs7agrUBkswcc,40179
TFydQa9HDj4ZD21EPBaJCQJrNhrd6C3ALL,40322
TBx21up4qGAm87owN9ndms4iKLbWettmff,40384
TSJgi7jsfiu5v9NS3b7tLxtNsxJEffAcyy,40405
THqno7wmKq2VsHJjrtmZ8R13QPNwpcVGLL,40459
TVi448BE4GP3YsxfrvuXhNMhDCGKtWAFPP,40558
TTV3ky3uKQLppt71XezPoaWjuj8BEe9ftt,40584
TSGyAAipM7Ed7dJbnYrKkKKwx2hTcSFUEE,40589
TNAf3Tt635LGsFLBsW8CcbRzSzaCw1GUKK,40593
TSzEbmJNNop4QuSWinLu6AzThME7AyRsLL,40822
TLoN6xRyau169aFVe9HfhEAWwUoY34Wnyy,40902
TT6tynzGYRn18wqxFnjSx8Cbu9ErXtbuXX,41018
TYx3QDocM9X8VsnheVSvwDwjzunstSnATT,41031
THHrtfgWTt5u6bGyC9LJPvYZWTzkH87H11,41142
TJ9knZUTGVMmbMnxvfqr2MFQjfoghyx3gg,41147
TSPjsyfdcAzW7bp2smrjSBR6G8TPk4Gnww,41150
TGjpe1AmvBR31A76x5pcVW7D5jWxh2AhTT,41170
TBfwg2sJzYAzRhQx3U8gH83CRjD7UrvHtt,41238
TNYFmrTrnkjybto3ZRTyNw6irsg3Au2cFF,41290
TK3zSGcdPHT8CyHpfzvnVhjmUNSJXdReZZ,41349
TR9WzdtoKskv3PgFYT9QTN8MZvacSNKsrr,41394
TTatvk19biRqswMnYdBcz1du3HfNS11Duu,41581
TKxEmxLwkBWYwfy7L6aM633KLGbGktLUWW,41586
TETcQV2c5B43ESWhpWxyViCkdgfuHH5Dww,41618
TQBuddbwVqcU1ziVt8jrbuCkQcY8JnH7xx,41651
TTj36ZGBtmFr1NRs9yzMugw3ueouAz6Q88,41692
TDu6ynMtWxvDtxFNEHtt93HXRMc5AcdCff,41845
TBQrUPopPf5Vxi6pUGkN3YTsT6rzVhESKK,41872
TLSDtRD219sTwtqWzuFUm9WdS7gg5qRwee,41873
TRcP9FSFeGER9mpSE9TBxZg36iWxwJ5hxx,41971
TPrECC9UG7F3FJq2GYYVWNcYshREsTycss,42006
TLSTWuoZcBPbfcFhcuFRgQNgN1WtqYMAqq,41990
TQYDz6twxwsDfntHL4Gf6R1sp6fKTM5V11,42010
TK5owDgNwTcdrddKtSS2r97BvmNJqhx1KK,42024
TSDsP7rYnWA8GB7ULx8Y6CcM1XokRYQe99,42071
TPoJx8Zeqv63TQ7QGvhpPoxYm2E3pUqJWW,42233
TM8W9Tk3Ux6ZxAW6y1xRYdFH5SZQzKJDRR,42240
TVQy2DTE8Jkp64iMnPGzmz99qaj6MQkeBB,42301
TALwMmf9RS6TDfF1B1YY6pW9djFyegKHtt,42327
TKc4w4ZnWW2PxnFCBeNstnzj9VMZxFE9mm,42429
TL3u5zEwQx53zVs6YKHSkSGnLicm1Nvh66,42454
TEMnrbFxj2qwxrPxvmN8kRSe6zi79YK9ww,42580
TQh9ZznM8BoDJMagmJh675Y3bTducp77CC,42677
TH1FSxo7LUsfxTbeWtv44mTxBafdVPffmm,42670
TTYT52D86ZKFAhKzTKfgqY6dU3kJsxcDEE,42772
TXiJkbpJdai88byPLNPy8MfvsZNipuYdww,42799
THhkLeaVpK1HH2WwgmkQSFBGw6BPhxERKK,42924
TMyDxb6WPNvkcGcJ3RrT1j6CHGsq27zSRR,42930
THsxgbN2PAjgmUMGtAfBbrQdKswWjNk7UU,42950
TXv5n4daiWRL9hvx9tLNYhoFmqbrYYAX99,42964
TR28a23bN7Nxuw2PaJuH83xVj4t3fshnNN,43038
TMB49QSGySuX9tQTWWAAdswTr5yQfWi5BB,43050
TFuXjqmFZCXb5tU8xeA18vcEYow86FW7JJ,43192
TK2FFw4PMi8YH4RKxq8ey1dQQfQzPbvCaa,43388
TJNyP6HdUu5SKDMVyAc1nton4iZeSUjU99,43454
TJEVAicDKMJqsTGN4E4ZZmCZiUwaVSWmDD,43464
TNp91NhxT9uDjvoP4in4eFdK4FeWDbtfvv,43475
TF2MjvqDQbdt5uyH9xCo675rTBHj6c1gww,43631
TXJGDHYKR1HdMhfnk829ab9zpXMiUngmQQ,43737
TBbYjbeC5aggBisQyiT2Vt4DdScts4qPff,43774
TFznpc8bYjKYgB5ojnpbNjM4G27su5akWW,43797
TKY7cVHgefknyNyLXiUmChGuT8nbLL9qkk,43804
TCWUwjHPvFTcgJDBLcBH1GENABRgaYf2ee,43906
TSbT76mNTQDDe6TkVapAhzFr3d7uJKhnGG,43927
TWCi6bVEFZ98xdkQTp1w7NSFTUUKXgBm33,44016
TWMtB9eVS1SiNbTHZkrQvw8b28NSPDNbcc,44141
TNrkH8dkN7nYQwqqz7F2Ab3DQvFqAQZw55,44246
TWNcPeMBALPzXoa3CrXJJ27AFLPBuX3spp,44261
TGAFGRb7ddA9X4aWaZyi61QsGGmrZZFYuu,44276
THkydSxGeYfc1eRrQgFzpvUVqMgWhc2FYY,44285
TJFgYMARGBtJ1jrUK4jEbqZD4j1bD5eCJJ,44311
TE1aikKXw3ogZFtBgJ3f1onAE5oTDwyvoo,44477
TJwvkzEv7TA2gEpt1ykUBdJLFH4NQdozTT,44590
TXL3KtNBQx2MofGuKJa9wyGQfLCpxUNemm,44606
TNLa3ETVrph4pWJo9GakcJzgje58zFz4PP,44710
TJLQNu1PhERyU3uVqWZAaspFSVBVpPjRKK,44801
TCszADBu6QfheXdAECay2SArVJLBoLiDee,44831
TSnzaoaDXvFW4Xircx2KF47Zozj5k5EvEE,44839
TZD42hh9u5uV3vxBkU38xzQvERQYGUnmxx,44855
TRZqsPkJ9LxyF4jKRtsSGG5gdt72KA7PBB,44922
TPdHVf6TrZWVwd4Rxxcoq6D4YqCuuk1EWW,44942
TMw7qr66phYGAXgifWeDM4Zu7pF9CfzMPP,44976
TWZYPP69NRUG8v8eZbxXrEStzT9anZ4BGG,45034
TUDzyr5j6o5zeFkVoxDyihsZo7NBwzq9QQ,45091
TV4fEjioR3a75st9y3WJE6ywoNdyo3AeJJ,45174
TLXijvXvEB1gTYHRKLdEhJbYPkBFtTe599,45181
TFrBZqPGDpzLju1HnDLP8itQzrmTfKeHee,45220
THv4SXGWtLbudatg12CqRxkWcALWDpDpww,45250
TAREeCU1QgWrHXNCL4UKdtjNCLq1Pivtqq,45299
TXQrhGoud1Qg2wtW2t1DZKkcBqb7AB2zGG,45321
TNNaTF63XBJi5zPja77QwM8uYsuTaYR733,45367
TCe4MZYsRKd2w2U6eMZgSrjhy35Fzt9mQQ,45462
TBqXz8pBPF8vE1FVhys7TAWSpvYrSQWzyy,45555
TYWh9634S7B3vH3JvuwB1Gnkg1r24ifeBB,45608
THeaKZCBwuXfi8gxW6mvu4hvdFuHuKYNss,45690
TG6ZLtwRy9Kx956gsZFa2SEBZBxUSkWVWW,45962
TXUnh4PWSkcLs9L99XGdMXJCiu1hBwdwqq,46006
TR8p3Bq5XiihYHQgAjNc9y2JUwspHvLott,46017
THDZ5QpAX5bf4rbCLZ1JVASNyWHXFkji99,46151
TRkgMGL2YietRhgAS44GMqMuM3rSxRjj66,46161
TGHNEpYkzk3kiGfdKiQGweQ1iTYf1M5tdd,46170
TY72Hn2ivaByA8rM4sSnWDEAhf8KKes5ZZ,46210
TYM3RjRDVGdUWwNU76b26z18iWdF6cXTCC,46256
TVpY2qfdo8Q5kQW7TXJBK9PcUJs1XHta11,46279
TPfjkoMvBPf3WFFggHLgvVbJaTWxDxMGWW,46296
TBpxjsd3JHu4gwFvWvGsWhW3fDBGvCDwDD,46407
TPmbNyv81JSLYEAcDuLfZW9vVd7dmyXJNN,46438
TGQZzzbdVkTSaQHQrTqMi8qwg9aYDaEXFF,46704
TMaAqhfa3PzUUiECVV1e4yCMLnXajGxmww,46725
TRJKG9f6T83jwBgse7pZLcH3Je9iYa9ZAA,46744
TTsTtBmgnZY9FYfyNm5gHkknJnVs81hw88,46757
TSh9rnHxBSzQT17bJxtrgkoAS1QcPoBKXX,46767
TMXdz8uaA3LfWXhpHous9JtQfB5diRRGTT,46769
TJSspKxZmeTuWFHzSXU6m762CNmyopkkKK,46839
TDkPzX67dyQTYwN1KspccdxtQonDyueFUU,46914
TYWHP1ubpDNSTVoqy7aEAj8cT1AGFkYYuu,47037
TEe74pQoSJsGA9aiv6r4bEqHw9X49JXNNN,47047
TFSU1EYNTF6S6t47JJy1YW3pf4F1ESmKww,47048
TWRPeFkbiXQRnZxdTU5tAVVPBS5SN43qss,47074
TYLhh9KQouAosFGoBvGD2eNFGmGNNQLwdd,47087
TGFCqdymsBiVAHidT6jY7UbeGkSLE5mKoo,47172
TQ8Tr2MQULAbVYgJoTseBYWmws3c2L4k22,47173
TUnNMuPH537DoRaUkE1NZ3sMzdPEv7nv77,47406
TGocsfrMUrnR3PNFLgXaPfEtNuUa5vd9nn,47434
TEGn1XqQ4Y9aghxcWi4mLixR7dhFf1Uyss,47470
TXBVcSdBKvdfYZDukPbJuqiY32pXHhGnKK,47509
TM8LJz76pNHJVKWqzRuDjMrfPVsw95eNgg,47542
TASmopti6pWSGboc3gPVmCL8K6XDoeuRcc,47621
TCyvLKnvc8VWNkFzhXZYwG5BFcfWufs1NN,47643
TByL5XA4zY6TgN9fMiojSTLuYDbh2cai77,47713
TNnVEYTZsY9RXkq6x64xHLhT4xSgEVNc55,47921
TWV85qWYqqWTYvtomuaEGYq2nEAaJeijGG,47957
TSyetsaMhSSBGoNfxWyi1zELU9VVQqKWvv,47973
TMsgs9J3GKPzfD5qzrKDjsK8MK6cQEgc88,48052
TP4Rq2ivtnjUV6GqQpbNiKWNU14tcF7KJJ,48093
TKjYFqF2uvNzmWH8iYdUEmU9jUoPrFPgWW,48133
TQgY6m72CB8PX7Luvq91iDv3jYEpnbJkCC,48223
TNvxu7iCgfxQ3THCJz6PNzUqJvf6Dhxf77,48300
TLNCipsWvNASZyoL8go3kc5H5kKPBDFDaa,48443
TEyAenpy4SBSMJFVbG1bBm4xhTwsdymKTT,48481
TGR3NnyQY2Qe6TwZR2ZdCbHH2N77fxhajj,48487
TYgjjVYFrJH8EaTmVKUjfQfiPk4kWpA5AA,48649
TDhefURUX94AkgtvpfjHc1v85mM9yopyNN,48659
TTrmnTMJAKFFaZTMd3iQHxGBgVy7CteYPP,48758
TYZ2KmiTeBsFjRSsJR1YXmHeY1EYwhtFNN,48790
TGBYoso1XfMwubc9BxXMJv4goGA8PKirPP,48897
TXsPFmg8iDYCBstpXfRstBp2qdV3CkVSgg,49140
TUcTPkifyQDCQ5xgNVVPJas2vcKU3AxMLL,49156
TZ3akue6yyqp7sinxe5F8EyDQsmaUwnwpp,49181
TZDxhtavHsjTFFrEsEsSQwU3WPDGEvBg77,49196
TXWaBCnwPzzXdsvoJkcbbTj6xrRio16s55,49221
TLisFdS62ta1VyWhc2TFDAVuKPqBb5JjWW,49379
TLKw8JdzxSnG8c9uZXdz1hCVVsX7BtXBZZ,49402
TYUY5AZmsqkjRjdCbgTia3piqQr9NUbb77,49462
TLyXEYTr1ESeDxQ44YTxddPv9HBaG52nGG,49466
TKiEKWtmjutbQZkHL9LXSBRtP8emWeqsff,49561
TMqPydvF4zhoVG92uQhgR4b4mxnC7fUhdd,49608
TDLfZTA4yTaRCz3e276ETu2z1U4e1wn7aa,49640
TVtibMJBHLdsJA2dRyWyhMwzfLepkkXYqq,49658
TZ5F1TyyH5ZszdVKA9Ktk2Fd7yyC8WZ2RR,49687
TU2aTkFWdDxz5MWmJ7kqPJB3zGi5AhA444,49721
TGWD7W4SSUJMPtK5E6PY4vKWiWaDksgLSS,49776
TSV2ZZtMBBv5LmD9rfREbuLzdbq6mKYdRR,49901
TYgPMxhH5PM3eVYe1J2rvN1wbDgrQg97TT,49968
TPa4zyxMMT3CXz5BEchaPpZncNMYK9FYjj,50006
TGrze6JyDbzEX9RvEdN34ehyWGgcZVWgoo,50127
TLUtbhyBCHNjPMXqQBF5es5x3Q5N2eHM22,50159
TQrLEC9jMukbYJTgCgde4xCY95KDQj4vxx,50210
TSGnXpso7reAP2iH3gx7U7iCsCCtjMed33,50243
TJpRGhLQX86XR1Q6qs4LYN7dNF7dTDxazz,50392
TLuY1AxoVBVCmReuHke7Bbg7fKag8JkRff,50402
THf7K5XqghfSXxr1sH3ZqjqBeZpC6LbSDD,50483
TK9mZoYru4dxwg4YqQe1qPywnrVoeV9544,50502
TJtUCiqSurjxTo8JNLFHbvyB6DMyjQxN11,50671
TAuDUMZoqYCsZtvkS9D9dNVnabewk6ZETT,50727
TANM4gw8HPVPwzTfqTQec2LEP9XKvkevZZ,50729
TH6TDapYbJRqeWbqS6p9UcuANVdqvmGZ99,50817
TXnx9pG3hJc7yWd4mrLBQANRGT6vYsFySS,50912
T9zk7h4gusrWeMjjHsrrYNQLZMwepVcvLL,50925
TMvGPCRUGqW5vxRXXjYVQvjzCws5H2WBAA,50948
TWJVmQbfunmWFTxnddvpe62ycHY2Ej5jQQ,50950
TFLkG1JyqpXy3tkxkVrtFkD5J6SWxxjagg,50962
TJgWqp1d3VdwBFHwgSDETo7WyXGb4Lfoss,51208
TYaTS1XKfYD9GDVnkWmCdZQZ71FgVZTHRR,51238
TSJ1usDm6cc1pcuTTNpg6D9eMTz7dnmokk,51250
TXdvDpj17KjS6Px3MKQHsSCS3N4Vy8hqkk,51277
TGaXFLR4LcQvKMMrH6R41Mii9vusgJA8QQ,51416
TTvy7wLe4w1LmYBzDQbAU5k1efxqnRF8CC,51431
TRumU7BcdLua7NQsoCyz6Q5HkV6byd7b33,51444
TUCJRvDjEqosya95WiWa66yD8RWtpgm8QQ,51595
TABsbawpawQxWG5yFny1WU6rUcfqGQKgEE,51613
TUQxuFEbLzvn2CUfxH59Poj1Xo4LNPV9rr,51615
TEGdEnCfpNTtE5LXADhPMt3Gh4htr6zbXX,51722
TEZQAeHuQ1tBGcQ2eW95mS2TUqQ6kY2axx,51729
TPWwowWAb1LAJrBhTBxbETiLBVJ48vBj99,51835
THmX4RiYiXKXdPeecdUepfFVhKBsLzJU88,52060
TKyfqfb2x2FACHArYzaU25yadGKJJH1QAA,52142
TDoPGJus7uw9r9J9TaMaKY1NVxHh2NEzUU,52160
TPwB4khj5Kmg8QiB7bNjagL9ouBJs2yjQQ,52176
TWE49ysLqfrMJDBoru9GCX1HEdB1Ao7pLL,52362
TNN5oKyPow8DqSNYdrMG25LeZSbiH5itXX,52417
TGp5Ak8v6TMaocjY9qfrRVzrStC871P5rr,52428
TQEZig99MkfAEiHdCECQDFUuYYVrqqMWoo,52447
TJM3zEDfXFSqSSkp5fZoabe9oGSyNhbBUU,52497
TDg6dhgju7yxF8eJGMG9s5F54gtoDXv3kk,52499
TAWYwwD1TeYP93s9WMfc2BwvRgnpsJhnff,52522
TY1BeCv5JrD3kq1PvAjtutSguJP11SREuu,52535
TDu8ycv9cPjNcL5C1gZgB4YJskEpREooQQ,52574
TNHf57ZVdF2T8R3JetZcUgGtRfyGLAcZmm,52625
TVWguMtvSLjDHVSf8x1de9Q6xFwosUVQWW,52663
TJjs9A657PNaeomq8N21C5Hvvdxr2mVVss,52683
TYkYHKmuGPPyAFjjgbxGBNfB4JHGXGwDqq,52719
TM5e7tTrjQizBdtdqFgrFLuTyD22QEA7VV,52738
TQzGZHYVRAmS3rGV9uJ9bPTSwS4sxHmGPP,52864
TTFJdKQcb2M7Rx639Z4y2PvNVnUwSssMvv,52916
THJenAXjah7FqJK7szCnZZcrP7FTh7DcVV,52934
TJcUE4ECnzZ9h6MvYaWeDY6T8wtKT9woDD,53143
TD55YdZFSxAaQsZU1bwT5P979LEjgUw9xx,53179
TN6ZYWfa5hHLm3cuF5EBFiM94eEgiNxH22,53301
TW1JiafqUeVCEuR1rrUbUTywp97Sj9hd22,53406
TA18xLzTxusVRdQixVzsvVLZevtAHYiBee,53424
TErbCWjcErYyh3AfXTTzXgSg7nFs3hXVZZ,53569
THEUDmzppe8cMkALbUrscZGFuWgXNVE7XX,53607
TCd2hZ6WeY2JH9JgSbKRrz2h144YrVJ3JJ,53629
TLUMNwAoUA4NS9t46f5wnFMxxkhmFmtNLL,53656
TA7fmxaUDoSzP2PrRZtUs1A8fmk7NuwHUU,53682
TFk41oA4tC8SeETqRZGkGVXmRqinqxR4YY,53751
TBokjLnk2jvCVRS9gh6xm7BJgkciQCwKUU,54010
TV2F66meatF8GSwTXAyXQcVBifAytgYVDD,54026
TPJneHGApZC592Xzqm8EA8EiCaC1y2K8RR,54048
TA8aMvF2ZAz5GZWf5wskmDs8tg7ccoDrGG,54100
TQtHbV959yqyqaRDWoZNcXnwaLUBaQTY66,54279
TDGuxyMVJ3vvaqhSbeoghwbtGV9exR3e88,54421
TW6QG8DWyT36tx2cFbz9vmSfEku5RuvoDD,54427
TM4MePJQyKV1UD4rtFTU1x2AkGHZzCwQtt,54471
TEdXNVto4jxZMtihAdtQzGd7uRNaybfyXX,54497
TJoJccdEHhnPzoiLNBu9wXz5Z3za22HbZZ,54655
TTgrJU9EKVjFiRcbAQjU8b8fPzArxsNJkk,54800
TPnLv3VEFaU8et6UBmxwkR4o2FeunJ9Pyy,54802
TWYQYfVBELqfudmunBqhLBrGr1LzxCULHH,54809
TA3CfF4GPVeNiSL2T3LY8SvdRd9khKndqq,54826
TSMzummqQ4HsfBuRYJJuaPwW62gEwWLoii,54928
TB6A3Bx37ZtGH4socd49d1foDDATgmCUyy,54977
TYcf9ChwxWfEpizW5fJUwgfnz6eMWS78hh,55083
TDoqNRyd6JXXFv9vdcDQ3sFTscGYJGV988,55247
TR7fHD5NCDgXjbxG3d5m71L8YRTSQuTvQQ,55235
TPCckprx87kQNpUsScAiqGYfQc8bLjEvhh,55259
TPMtbM3kWherttTYVMEY7k7YGuXagsbSQQ,55272
TRRUfSybrxjHRcBpEYSvCqy9KTT6qBQxFF,55373
THmjfViKw3qoriUXsBWQoMj39RAhPFr411,55403
TGu1VAy7p2o3AjxwCoDs18QzYAjq6gnxee,55430
TCCUccNwohdDj82vNSeTZQ4Wx3dqgj49gg,55447
TMJ464bbNJUQNt41yEDzhrEDhv7XMUheLL,55525
TBYhifNoy2rLLrNaUQ5YF3DdyPJpdyvTpp,55570
TEYWhyQVxxXEPEh8QyRw6Zu9F9AGjBwXzz,55628
TSwdHS3ycD2R6R6gfv47vX6DbrEY5DHBUU,55639
TPxyQkJk53ntzCtakF3F2asDsTzSRhs3aa,55736
TPXjfy6i1eMQLZVvm3SwmZWajX5qP419MM,55774
TPRMYToWL9UUSsaGFWPqT4zQSdsdAZKyee,55866
TNy8R9tAWqYSske5ehkjgrUqpnu5marW44,55902
TGELyRGDwxi2rnqXHvGA2AtvFzybjHVcXX,55936
TK28k8ax9Yg39BekZAP9M16cxnVNuNSKyy,56035
TBpCo45RtA2iDzh5zDJaxTShNehpwj3Txx,56101
TFMp1HT18ajTWM7XmUZGBmTaShQYLmHiqq,56110
TPVKqYDMmUVFJFCuufHgXt78fpY2hDKr33,56113
TFPZSrog2eD2yFmm1NnLFN8zhSZYwzt8gg,56146
THwXZ2SGYWwyjtDu15h3wk2a3tBdaneBSS,56393
TRXyT2kn1yRtEoS5VV2JAppm5yx47jfj44,56400
TEyfEu1VLbJHtxbv8x3hfjonh526nqgSUU,56404
TFLoZQVp6emf7ciVRSd8Ty6jfmNYfmaaWW,56498
TF2Zgm43EyZFP9cBiPzUyFDJkntoPaVthh,56638
TTXhShhhbqHSd6gVugxtV5rpa7zFbgvsss,56711
TGTgUXq4zyUqfsfJVk6FgsB4sUgecLmFCC,56714
TVNXkFwqdm3tpWEv9J1S2rb38UYBKikc11,56745
TA7E25Npgng1dfhX71SDeyNxHUQKqzQjXX,56905
TAwM1TxLnrgeM9JyitqYr12iU6uRt1cGYY,57017
TZ9MW1c1YLUJUsxe5S6CVP61cQXf36xe55,57060
TW4QHLcKMLE9JpmgB64AGFw4L4yX9dMngg,57110
TWRPbWRc2dc4j9wj8HkdekK1xCqkmUF4yy,57117
TBUsfRGm14yZqXgHttsc7Cw3rp335Sjq77,57148
TQnecQGHH7A7whhu4HNjLKRGvY4hd9bCdd,57172
TUeHjSZ7Ay75cx9T7rs6dJV35wNpWR3Ckk,57183
TYvvfGWvt6VTbtg2NiYmNwoq25RJVh6Vnn,57237
TMhnu6XQTj93C8iseLjca2wxyKBJSDHTFF,57288
TZ57n8ayQs3DzVWiXHwUs2DzUES9jfDgii,57301
TUkRSHEnxJHfJXbgESkgrjHFQb26r1FrKK,57401
TTmV2Kq2zLWX5uZnd4seon2mDDhMYggopp,57486
TNKg8EY9B1qsS7CVutoJKHquUcHKGod2NN,57549
TFVtAxsUQo1h5VpUwpnEuvsVXWbBpr6NRR,57726
TR7wggg3jyU2bBftvDLWyrym8zT9vCyYBB,57737
TEtQH1mb9onjXejy3NeBpnT6FKZkpp8oLL,57758
TDHTD2XKuoDCQztHquQW7GFzfBUZqcaX33,57809
THknBFoP6c74vEBMB6iYu4LAWJfAkuAZee,58000
TT3nbVPKvk779vh7K3W6EdEqumoQRaxU44,58022
TPMrvUrRgqMHs1KMgkZYaXwMesD8bxMahh,58056
TW5BCBA1u3KfY5rhKPsvrJmAd99bSxgP55,58128
TX61UVnpphzVFmoBpqUasoKhmMBB5Zjcrr,58197
TCNAYJPxVW6XG2aE1yKnu6HWDiJhmL2rAA,58214
TSpiA2GFcRmN7RYXKfNn1DSuCLEvVnKS66,58267
TVTspi1LcULvGJJGP29iCcVn9qWsVqCzff,58355
TF7HZQgKqdWMNbZkcSBsqQzBGNx68Wnzww,58404
TTXqe9XGmd2y72LTJ7Zzs9mzwz2zFy8yFF,58536
TTy1xGBvngeWh4Qh7M6aHSrvASy3SmhBQQ,58653
TCxULJsgnsCCekTANXfsgWHsif4hb7wbtt,58696
TAwQWAZ4nQsH6s65WQEia6vqfKKXdwncjj,58704
TDERxrqouk1KvS8Sg1STHjc5BQQ11M8Gqq,58707
TSviKWmf9EVff8enSwQMJ8yd5ugixcSBGG,58739
TH8DxeR85UCmaFFZrSRp8ABmy9GzFSj1LL,58779
TW5xVVS1P17fNccuARzomadR74DosMjZmm,58809
TH5C2yiMzZXYzocWTWtMCTRzH2aWE5ZnHH,58815
TW1RCKJgk3XXs4u6DpzDN893zo2ogoELGG,58838
THufL5kVq1dxuSPtkrLN1Bfag15voUid99,58861
TKUAYoVvT44PpaMTb6yaUtN9VnuwuDRqGG,58883
TYkQ7oG33oQJrUYFj5jVYtzkCwKyjVyAgg,58920
TU8rqmrDcwpxu3kvaGPCmJXMEWZ9CPJ8zz,59015
TNgo36xbJvzre44AsXrgYJabMzPbChWivv,59078
TGVAme1aGE4znCaGrvuHUQujCveKtgy7BB,59108
TUn1MpWHKpBeNPPBNMMAeb7WWkzYgT95rr,59138
TG8q9LS4jFLmqXjSL1Dub6D1jAxVEUK3nn,59175
TWuutmGM4fkJR4mK2KUtkTr16HTPtSAwPP,59278
TPkM7SAqL2MykWGSf8RLx1cKcZNBNSQu66,59440
TXFaVr3ffQsiJcDcJCem1QfY6GDBBWoBkk,59474
TPDr9RehqkEpDpHLP8MJxfS8yBbuUWoikk,59505
TTEwop7BHiMLHYR5opPxRUCY5zmcEeRrGG,59517
TRjpext2Bc4SBnyF78NJC9rzANKww7msjj,59511
TGVyBDmRPBpv99kCU3LcU5H9Hnwh8maRqq,59526
TPbR2hPbHQt7ZCAUa2RACKNdWykKoYvaBB,59569
TNR66Sh5DGA7mppLTNv9ZhrBRpdYLEiF22,59692
TVjGDAUvtQhC4EEYrJPQJQByJewfxZojss,59759
TFgfdrXJTRJn7rYkQfGnJutHAo1cS8nn22,59788
TB2jAhwBxnunPkyGDyHAKWrXH3QXP94qee,59813
TFapTrzbrSV7f1oNjvao3Rbu3UaPb8c5tt,59847
TXLQyAVcqSw2aZkGiKM8KKxNScpnRvL7SS,59938
TNzDqt2m2ZTbk9QJSdbohyFcxLVTug15zz,60179
TNLVENYqrrSXsJGhYG9zuewn85TFyizK88,60266
TD9mZ3iELzgULtndcJRKuNqyhGe8x13zJJ,60379
TPmYP6EFgTLoZ2TknGe9KU1fmmCb6f8bFF,60406
TXyaTPUW2eTS4aL6jbRS7FEtaujUV6wupp,60517
TJiCXsdy8iWAEtBewnjFeTZuXvkq3MRazz,60533
TTQWAooxhp6GdSGBw47ep5uxutF7T6UCkk,60614
TKsJSR3DQdzmwF676s3QC8esRfUYLx9588,60616
TXvo98jKuQVNdagG8SHXNRdWyjGPffvagg,60632
TBvS1nufKXkDqAxVZJZMQ2SP6VX8f3yuHH,60718
TS8WPLbk2dz17bEbs4RvLAVwk235NEtg88,60808
TYAXxEPvcRFMdaZcgJfGJ5kYwT19mgMbWW,60913
TLDNWHevFK4PAbvBMwQsvPnQFE32MqkTqq,60916
TAKVJps38w36TYTNHBtaRWo2go65oQbahh,61076
TXFrqoCx6DW38PMD3tDSwaY7epGR84ApDD,61167
TTUFj2PgiGCeNttyWGZLArbtq1WPzvFgTT,61217
TNXY5XkTefhEwrGgeydWXmB9Wm79vDKQaa,61380
TNa3ij1NejqceAAvadyMGwQCFjiwHJ9Q22,61443
TF4exzgrHmEkGmuGjMK9W5EDP8qSLhUG88,61484
TQLnuh1DyVqErvEXpHLcL1UDcH93U7Gx99,61578
TJh7EPWCB4rhcENdzqCb5xu3rpW6fmF1XX,61694
TCuqtpooe9uxwz8iqVzUdAVGLGab7isqjj,61708
TRpJFRRjXJyS2Q1pJXkyaGWJH6pFZF6WYY,61862
THN8UzSkwAfS1ZRaPY4Mu7BMBfSrHja6zz,61908
TYAS462MzhgkYx2fAaFvrPzXzo4VyGX422,62010
TLESkUEmFkHosiwZq23MgxHhPsm2FtQrDD,62028
THoYjgk1FbQiBqeJnGpVDyA1fX9ruLdyff,62228
TFCazYy16VH6ckRG6Tzzb7Z5okwMPeczJJ,62237
TXjWrJgd4USdxFibcRs6Y58XMF4bdFjTBB,62243
TJzPV6uhFPZbyVJMYZF6pbBkjbLcxBFQXX,62295
TWSa2WBU5DVXN3caQWN3CZ6r4FouBMxEdd,62311
TVp8spVkXp4FQjSWjHb5ESptk998uc8SYY,62323
TRfcjLHUPjfBmvUmSb9UJfMscRP59KS1RR,62334
TCfz9c4UwHBx4NmhzWnfjrtdaYVsoKBBcc,62371
TGGeio9NXwCowE6dbCvNZ2mgpAmJAwufhh,62442
TNKKaYSAxDZUb1YnFHEuKF6s4eJmxUC233,62607
THGgbQ6e3ipWKZG6A7aVx9YNDPt2DHuYHH,62671
TLtryVYcCTsfYdprZmARPa2txpk3ztAGxx,62770
TDBZyLX6mbn3iwMzmHsrKsk33hXPmZb411,62829
TBhJr7Dtiupt7JoKoM29K5kRJjme3PpmZZ,62987
TViq8rTCTBHg6JL7QcTjqobT7b2TiSkgkk,63010
TQsV3RZyugi7A2uniR7wPLRvifEuCbkqKK,63011
TKH8XeRU4NbgN1QBnTtyjZvrkKG6n7xVbb,63042
TKvrkoi7fZ2aeSVEomYpxp2CetA1qrEYpp,63115
TJhKGhAzLmZ8uUXU5c8o7HUaC8NHh1bt66,63119
TCyYkXLA4dhkR6MQYksADnaRNubFDBzB88,63287
TL6UWAnfkE5GJCWdRdE89FDp5AL5XfyBKK,63347
TB9h5kAJkq3pcn4CG4sU4itLwUvy1XpGtt,63433
TQgjVabdn61gTdq4FzDs13XbGmGA29SgLL,63464
TMBr3KAr1nLsHKtDjoV9tGYSKXssM6W6tt,63544
THUoX3jBpR2NkzZKrZ5pptQ46jmkiCwnmm,63947
TVvwuM9uZo3jSNtx3tPHVZ5vxGgsBhKZ99,64022
TPFUDYcovtqB3vc61VUEPStYnxV9v3BiEE,64031
TGjHJ67YhDYbKY9WvTjvuFHzzkTkjzSzQQ,64128
TXjqQkQE4B7GUhsYq4phhxfnZRgeDrUB66,64214
TQSfrEcH1WjBNuBAUron1TkvKqF4LQccuu,64240
TLUp5opAL4shfWuxjbt6Fr9HWbtFsVRZ77,64453
TYPf4cfV1bPAFHovi8vFVQAGctFroyohkk,64518
TNHrEP5vsYM2o4Pzc8m1uoAtdao6VWpFAA,64536
TDLSzcv3cwKzyhvBb3F1N1TEESssskUinn,64589
TD94EUeymxRsDUuXMG49rHSArqwudKWKmm,64598
TW1JzAsT4uqbqfuFeeRNzbongVezBtArpp,64683
TKNX1bDmiF38BkJ1zMrYncUxju8yk8S777,64746
TKMjTR8iLMtobWcTTDDPTmNrRVFfZ1dT66,64754
TThiTZCTx5pK6JVUuEAP7rMKzetkUhQHtt,64839
TRm8WnDc7xFPDh6tqL8y7XnGub7nfqCWvv,64895
TLgWwXonaAWG9i7SjNsrBBz8ob7mdQG4aa,64899
TH3bNJiJFX9ijKLi1LYJrRmEfgmQ5ekdNN,64952
TD8RQwwNAqj5UFtqi8bL4TJq6UnuFxS1oo,65042
TQLJs3uYxEpmP8G3JBgsmwV523PYYJrXss,65055
TZ8ZPSN6MdJJN19RzBvwwPV9NY8D7nfKbb,65101
TBQ8DyUNcqcTvhf7GX8fJa7HNDVrDjFo11,65100
TKGpXoNvj9ywkkf2barfXUroQqeDDtLhzz,65171
TGUwns1QSAhasyZBrMrD5nEctupN23jhcc,65172
TWBfLf4erKrVKymehTNMfCa7dTXeS6Arnn,65228
TGdaYMy8Rg28JLmAgCRSRgRocNM2MwP5nn,65255
TZ5WYyBd7sdK7nSjYV4q3wgjbssxLrQyJJ,65271
TNaHs2bUz43mqqa8fLvoNUiHsSnQo33HHH,65324
TNVqHwFVfz6gZx2ma26dFimTkdeMaum5RR,65454
TBmpGk5wGea6PT2q233zCkk91BNTQDA1kk,65510
TVc8hSscZLG2R7URMACEyZySEmy39bRXHH,65548
TUurCUycQNkBEYxXJWjzWdPhhhvryubTPP,65558
TFTf64usBGXE8KukKxWKV61uM54uff4ZYY,65724
TQaa1bfBBjjDiGXviEpxvjVmUnVk9SLdaa,65737
TSQsGnpKVpXqbyXxDDahQFwyo5h4HPwvtt,65963
TMBXbCkBGHTJgWaVLwafwsHfhzQ7nFUWXX,66052
TVjJkabW8Nt77GfQpMGH2dz1snJrnkg6QQ,66136
TAmHfUJ94Ae2CwCUQnCKbtUCyhGXocmYuu,66156
TQJdcFZ2qqjX9uSfLqUYZtfbXpPnN1tX11,66244
TZ3zb1knh5PGCJf6oGP4nrdXMpv6oK43qq,66269
TLw6eS7hWydTwXaH2MvXeCJrvTNBoCVrff,66268
TXRx7xgVqn4QayEqFPZGbpTeweGFUMrc77,66461
TVmxBJHYCCkCkEnbjeHNmPjA4vwrCjT1ZZ,66645
TJuddivotZdWyzuw8ptetRRigHFM5ivUNN,66670
TWFKjekZzTeoqtmQ3wavzDCgZ31vTTNzhh,66739
TUxckGNDuAtf6vHXwB3yENjQXa2Gk2Rz66,66912
TL8dXvDFze935pfqFk9JRYTKnHktZQ4gRR,66935
TDMtcsoMtjj71tL5apPvvs5671qhV9yVFF,66962
TCJ7J9r6FtfoAzV9SmBD9D3TPJr18y9Wjj,66969
TYuF3FdTbSon7UV7otpHB8gLm1VhStWGyy,67070
TXgqAnDEDSgsC6bpfrXioEa19mrivUNjvv,67103
TCMqVRU8bECMZYcSx4rjrMd47aac9kJvvv,67111
TEEYtabxQdy1Hkj4G8ZHL3EgzPxvSn9s88,67165
TNRXLmh76PQj5gmb4mWiCgYSouV9aGBTLL,67167
TFxiogMWjWLB359d4taWquVQhUBz6bbjWW,67197
TKQz3jcnp7QXwe8TLDqLmMYTsja8ehgUjj,67217
TSRFWku6mwNUUetpAcWVY3BcN8RpLasGAA,67267
TG1JRUmLwRqhvVwWqkqaVYG4rzsUFWTpZZ,67289
TSV3tKZJagCBBN3Ts55eResik9HUo1kv22,67306
TDpqvCFDEVMDqZ59CAGbEKG9t17DLxvMTT,67373
TT8pq2seZEidgqRz9aWEdymJ6gxCjnevtt,67405
TJb7dX3ZmZdU3tz6rYS215pqACiQ3dfrcc,67419
TDuCLZHjaK1XS8Jk6myFHP2vaYkR5McyEE,67473
TK5uTAetdyvod26ds6W6uMRxGuK8p13BPP,67488
TRN5EBBmmsrnQ6h1wDrYKsrECtEVqeEgRR,67570
TXdxprWsgR8G7GoPYmCkMjouikUbvZtUzz,67646
TVxLtJwqG1MHu5PnW9j3UV4ymuk8V23n77,67664
TDwKQRvtyZXpnwHHxEszLmmeGj3XLgG7RR,67713
TBFpUYGiZqDcXN3KswJVsa4e75N1YH4Ckk,67715
TR2H2RYpTy2jgLaUoJTECha8a9jUMZAooo,67748
TGwdKeHszZp17zuK5edid6DxB8tSETbJcc,67785
TTTG3CMgTXHuT9X3W5EfxnJnzxRtLxwkVV,67807
TH6Vig2QS3M6BK2J9u8z3bEpgkkJGCuYBB,67837
TMAXJdNQQL8LuTrEZkSkMcYkQbG64nbz88,67839
THhRBMNAXPMjdJKGieqpXPzp2NxRvqHu33,67933
TPaWvsxWgf8G3XwMQDY1X9jFy1N9hC1Fjj,68075
TNWwuChKBEh468EMEubbpMDddTSYFSrk55,68089
TV8dsHMMnngzjWRdmZb7zVW5nDc4Dem699,68113
TYUTi548xm2p8ZLFVzmwmkgJoDEHetfnqq,68307
TQJymN8HFEgTEb8QjH5r7eLkxXAAhadQCC,68474
TTmHgZeoiHZRacqUGypFSFP44MfsNGREoo,68563
TSFAvGq8Hu4nyDmsHgj2fKmXHpsRZg2Fxx,68579
TEn6FwXvwyUVqjnszvbzcftdHkmGtai122,68736
TQj9YjyiEtYEDxfwxpNXBGyu4EVMddiFEE,68804
TKNpjRgJtfVdGDnNuHj2Y4zQiW7n65Guoo,68895
TN3Mgs6XCU8Y8iW956EQbL263e2CbHdcMM,68907
TPSPEcVAjHBkfPsDmvtTAd9Qj4PR3DmJTT,68989
TJgtAaHVQEnYqdEpqwmyzUPZKDLJoAz4ii,69021
TYXteRXNKePfd5WhvprnQ6DWVoa7Hbrtuu,69033
TEYkxtwHEfELYwDvhj8Z9cJuQod9cRadhh,69035
THD2X4DapFMAitW1DTsvrAD7XGKzWMkzrr,69050
TLjPMuPaXAV8WLBem3Wqv98XtD3PRVFyDD,69090
TDtGbmeeDDsVRXSjRyVXBFUUAoMDqRbJNN,69091
TLGQR4z9K6gP6jTX6XvBEMaV62ura95Z55,69141
TK75yniQrAcANdpmE9musnwPjArqxgMMgg,69433
TCq9Jkx4uWXQ7BBH5qZcawV8otEaqjKDRR,69440
TGceh6AwLeAkrdytXuhLJfSUHa29Lbdxnn,69458
TQnGR6WU9tDbkXJkLfMEqb4cNhzWAW8R88,69464
TGNDcSeDjf31YEQKaikBewbZjXKR567Puu,69474
TVuj3nstyS6npFJzYryEBhi9wi6ZKkVukk,69507
TDCGhtXT266TmkHs3U1ft2E7Z41JH6Jnii,69513
TUnQ2Sa1Qy66XnmxV8uDh1oqqpTCUSEZii,69529
TE5NofMPWo8GhrzVzJz34o4oqVt4aKfWEE,69615
TZ1X848fuBDohPWc41PaieQQ8vdQxkzGGG,69627
TYrAWFvV9vfpDBNygiScQYUy4D8M72tWyy,69665
TTfz5nF7qMEJvH69jsTouuU8rsnW689Mee,69781
TZ9NcDBMhM8tkyQGD8m8pRHAJPWBxtLX99,69861
TA8dvcK3RLihsRXdwbMAqXHkr4gfvTgT55,69906
TQkYTQXpGTU5rgJEyvpsaKrgSUE6VYnT88,69907
TYUENDTPaJkQYCnygXTfbuJAADk8oEC5ZZ,69989
TR5CLK3RtsVqMYTBKXkajzWAjPTANRD6NN,70015
TXZq4sDrAtmWyBVdhtmPCDygq9A8yx8xKK,70144
TBBr6KDQFgVjJfLJmSR7ag2bo5TVQiDcVV,70153
TTEimtiJhiYxAXBivuNvrTpX6tgFHnm977,70193
TFa9thoGvyzpUKM1sURLdP762iKftVDPBB,70238
TGdRRG6gHyS37TmNLkUuM8Pyb5ptrVKfPP,70287
TXz86PuFqGoiufmzHF5xpfNL6VuqQXdi88,70308
TSjxw63j2VFarNV96bbhwf5MmEbQrDPS77,70313
TXPa2MnhxhZTVfBA9aHezARTVRjrDWcQtt,70316
TVKu5qYi9XwZmsT3neaSCn2kF2WD5eigSS,70318
TLh9DpPPfFCDKX2fwj6huEj1UhnJCi6hff,70426
THBJTArrW6bkhM49ytBUEbkNtVKPESEHtt,70586
TKNYWECyci3VtAe5K81t8pdzpzJTaPEjkk,70588
TXYkEo6HcYyBrGLtAM7uArYmfjZs8Uxt33,70659
TBcFZr4nRpfo8cvghxTmcvFnbx2mPiL5ii,70691
TNVwsoVGG8Yp6FbKv8Cz8HcUxjbA8xCSRR,70724
TMcKJHGvpwYcEai5cLRzeigh2BUNm9vYzz,70727
TGCPnet56NnEHBZd533B4aiyxspVpcsjFF,70786
TNa8fBeUr7GWzFWTUGCaVeckQVyy8Uczaa,70788
TCZLbxv1nHriG4Pk9bydvCZAaqQqutmQqq,70876
TGcvpiYLzuktsDE5WYnqhTKyURWPQnF7ii,70910
TPEp84BLSQW4rfy7HjVttY4BasDsk8Ymqq,70919
TPeY2LfoT2n4nDUWy4wUVDQnSiiPNNwyBB,70951
TPsuLaRY34JbG5z83pn1eYFdUkgkvT5DBB,70974
TM4cnvDR7pKe13Whiu1st2wAUkDCATt2EE,71005
TT1wGWcAPeZTQkicsvsJLyjJF61RqZU5xx,71014
TFzXDnWxvat9bZcjWfU5Q4NrPgpbuARFZZ,71021
TNRBrsFVV1twn2nCxrnvKLijcSBhxHCx66,71024
TS2h5VdqZxhXYhCsRVNY1ffJ7NGA6pBwAA,71055
TDjWAiroC5fjzYNT9raeBLpkmJ2UbPPPuu,71115
TUxmPaoEfBkAe8xe41aksi7CrNG1baXAvv,71164
TXm6PqCyjQWzgzc54fKSDcH8h5C6wBdbnn,71629
TExuTEjQoQmcWtirBshTfDnL76DkxRt6kk,71640
TKXMwFdQtJwVqruEirGcpYPeq8iPsNMv66,71889
TBe1brLpr1UJEQyjBxcrVqMcbc97sH4z88,71896
TQsH9FPR8w2kmS7zsKKBTkJcsNejkkV366,71890
TVwPxt28oKyxEBMbdGKzMQqnfgTBVGm988,72004
TF8UCwdrCy1zqkETCgQ94YWaqFvNfcYmLL,72084
TNynJQ1yf2wzwSy1QZ8SupCFUi2det8HNN,72089
TNWAoMCHuSbTVAmdqabjBxqRVwkrMHxsKK,72100
TBTYnS3jHgBCE4CWmTYoHgAHD5VQfcWP33,72202
TWEpKRh5UStsQq3NJMAxqye4SVfs6VKJoo,72254
TEmPgrMzvtugxd7fHBp2VZqSepJWgcSYff,72270
TX6yBTSMZKKanSWRZ7Tx33Vyuaf9gq93JJ,72317
TFZ6uyfpRsYEsR2h3oRmLAcAcHjd31zigg,72352
TNLfHCbGeLE1rgihriRjWgjoQ5M6Qpfvoo,72425
TVD3Gu6rgchT84F3mfLmmHfSWNbiK5idzz,72423
TSW9GBpExqzzGn57bN6DWSSxZhjHk1xeVV,72478
TYMVctzLajB75qWW4HmFZz4fZY8ErTU6oo,72479
TPqufxt3tZhoSWqkETGUgKZ8EzmzpJ52MM,72561
TDBLUTzWiAxvxGWamxuqjyfUKsbidvrKjj,72607
THwUftpoYp3nrN8hTXgjapuntk6NzKEC77,72621
TASwFtAcqiqpz84KY31GZCGMZWxuLnNsee,72668
TGMSJg8MCJFNE7pEZ6BrfVaUmfMMZMMQQQ,72827
TYqCjYbj4kDY1zZYrNtdht44bqsSHdvi55,72831
TMbYJ4ZhDxDym5SwLDpm3oKDWdwnysqp77,72857
TY17vWZKdb5mTKyLtemKwDLctoNTRGCQvv,72864
TFJZXCUBeV5QC9qHaBXorejxqfiHma1zhh,72884
TMmpBySX6ES8yUy5fVpgtg2vCmeSbE57KK,72894
TG3qnj8fuKqASg5ANnmUuR8QtK3vLZydpp,72949
TAV6mJQpuUZgt874WQykTwodJ9wpfkYSBB,72955
TQjHjHBLyRn4yP5yFwiNEZVLkLqNooZYuu,72975
TLfRngHXw7jDYmL1ZDySueCFW665YstPGG,72987
TXo7DUNi8ma1HAMS48wxD6EAu2ic6Wcc88,73066
TCPsEaWAAd4KsGKBprFoMN8FUQZnJgmUVV,73117
TYAPP44HDkbTQAj55TYyN9RLiddkh78GKK,73138
TL1u8Tj7XNFSFqNkbRDi2KwB14wLDHKa55,73169
TLgk8TZXAaoE17Le3ZLX6Qb7tzmv4NCDDD,73183
TD8dnrBouX6Vg8JyjMoHjQKEnp237ayqBB,73221
TYS4XgXwfSz9QwC6UjwDnSTpVpASD3A7kk,73310
TY5CwMJJHnp8bPe7g3TuEHXHKK7Gtw7rPP,73346
TLAT2GAfvTqgYWFCKVoH5J4krEHmxU9EXX,73401
TWud8M6y9S9gPpMXJ2WLvcaVGNPmSU6icc,73412
TUfzkXWUy9bJLXjwmkSXt7wbZiXXqGKaff,73417
TBPmyMdLAfmEZtAKwYhC5WRfKbFLcSFqyy,73488
TKLRaYfMXF5ssRjtTkoxLZTEpca5cPH6tt,73622
TMWvz6gjiM2dTXEYft6y9Ncy6kKQFYk7AA,73736
TX3u8MCtEY8ZMDtUDiWqUNG56V5woY8333,73810
TVcZum4MKaahXqz2hM27obu2w2YDV3o1dd,73812
TFYPdTQ1LkDcMKtQinFBbSKcY4rAiDuTyy,73888
TCo3Hpcp2gGY1BveGEAgq9XZ3smAh2x3CC,73897
TCmsE77nTHU3yqqimihBJfnseLL9dkYQaa,73904
TNVqmGcSJaB5DejcchQVoqtLnWHEWmNU55,73927
TDJfKoWR1QzkV7JCPtawwTRqYSHb7LJEjj,73966
TXYAMWoncmmH2f4CTqmiLUatWkybbTs8xx,73990
TXY1jznhVStiVa7Wa93cCAyyQE2aCKAKXX,73996
TQqyqGa5uH3ta3Au7fgfKdktoW8r5LGWkk,74082
TVLmWvGUm2wiDP7xCWdXZk3AXJdUbosFgg,74100
TRjVC3AxCZ7KvcuaGPvMyqoLmmCEzK96ii,74234
TCNSX4Wx6GP8u5oj4YvTTUnVcTBPWEwVkk,74242
TKBGHvDoyF77G4Rm3G9FXuwEvpm9jwLr99,74274
TTWR1AZhf98nmR1yEvemV8hLGqTUj2SMgg,74308
TMJ9TTrkD4Th7JVaBusatD76JoLzr6a1zz,74349
TRKDRE4FBAY7YY7L3rbTUdfFvQVNiQk5qq,74492
TStN3Z1NLf7JSgZTkkL8X1iAhBdHo11P77,74559
TJqReCsBwLw5CbaJKPtovpFjBXsVeXyGQQ,74576
TN3dPdFzwgd3z4qeY451ucHpuX15ZPs8vv,74712
THm7TypyqdyNTninTfvmZ14SK7Ef1cizLL,74757
TBiPjytACnppWatnZ61RM9DKpJj5sXgqKK,74776
TR55syz1SHYUAyp3qzUmpekrcmcqQGV1PP,74830
TVabR2d2WfK34EWZ9ZFRuaYu71ofnHu9UU,74877
TTrkBgLMUEMkndBXL2rA42KxY1HihkbTRR,74903
TPxkTbtaanu4rG5iUrGnFffxcfnSefnUnn,75146
TEd8QciNSv9kBECWfk4PSBgEUPpKwSTJ99,75156
TKa6Mpuswydc3dqCH1mpbQ979nbTAmQA33,75182
TRBuVAP7wmFXyutnwfpzeNGENbP2tfWbuu,75317
TYzJt7Un3d2b5rSzL7WERL6abY7f9C4vee,75336
TBkCCkvXFWqRSUiFrH6Zv752hW5MmuHUrr,75375
TPD7EqTWZvSba9F3BByUc4c5vJsJ2PFYee,75502
TQUPxevgBq31w1Rhx7vbpk4qM7S7YPykPP,75629
TBjBQ7BSFt8bgk4jXT2jkthW9pKETb5SFF,75633
TVuk7fHhNe6THGtDaNAfWnwdT2RxE22tYY,75638
TUZAfh5prQYRaxVnGbh1eC1cNJYB9ztR88,75733
TBFjan8LnMup9ohhc6Whc8WrgrG5YfdRDD,75753
TEXNrcBW15YnjQuw4XtVrQNABx2W3K9Kpp,75769
TEDQSkvqDbEL6sdqRUz932FpHhWfX4DfZZ,75770
TYjVK6ozUhFPYXp9i6ZHEEZsxevg9WJc55,75850
TGcTzuZQ71ooDtjbczGnj53r7Lq7ZAUHTT,75866
TQpDfmPxtS4KrNWXk4qpp4X2P736NdBN11,75875
TFKU8Kdgak8EQRv6wYRkpZTiR1sVDHWAFF,76030
TBNeCYTYuJKvWjit37aRJw1SVN4DRcwmjj,76148
TQqsULFtHdb4P3mpoNtQZ6mk8VNFuhTWss,76193
TAUqqyZtqHTUQ7c6S44PQZzJDRWaL6xsFF,76248
TG3JtbqksJP9PJgJtaTNnXijHkPuD7x6aa,76455
TCiiinWQyTuiiFiEwhxUpuvSgKqrQaHLRR,76498
TE8auaJzYvEBk9nCanaao2Lq8Uy6YNu799,76707
TGvcPmYBov5gz95JmN2PxH4JPkit9hJrQQ,76713
TBZeBBkXdYk5kiSjqgG3dywXH822NiNTHH,76749
TNiYizw5ZKNtquRqc6iFDZ8vePMhEpQbpp,76816
TL1tdt3jKjDS6Gfw3U1xUCCU6A5jYbfrkk,76844
THTkTQgbReFUGk8G3e12MQ7ZmsKpaEWudd,76946
TLAtVNGW8UcemMXkun55v1dX1UT1y6quvv,76985
TUcQd7DirmiZnSPAbKuUgk1CWxEcmvDf77,77017
TJN5g9So978aEUwfsry9WE28J7CBHVQRHH,77106
TFe4cNqiF6FDQ6QsoWvgoBuNcgH79ekq99,77304
TTV9ypQVmAmYiJiWr7G6pFFmPXvGXcvNii,77364
TSHcvbARs12Xjuv9VnT7xTwDQTueK9QYKK,77378
TBKs3opFCjtc8qgihsRmuJ4CSU8J8Lzree,77531
TDpAuTLZz94HEHMXVfAmmW4rXgswDYe2KK,77650
TP5by6fd7qTcJ2hD5KuJJk3yQjJ1UZwChh,77802
TLHWG4umwHPkSFquZY8AcpHdmBeZWCGDLL,77807
TAmt9h4kYhJ9C882VmHD4vymdQgD2ZuzSS,77929
TF257Efpf1M1ZHr44hWAhVmAj5TSNymNvv,78140
TYqERzoHXXjQbTAux63fDi2TTQSk4bCMuu,78268
TCq4Ea5UWaCutFerFtpFULZWXD5qrcnNJJ,78478
TMK3n8fkvv2z4Lc5vXPDj11dGdvioiyryy,78516
TU3CNWhvMPMRYZYNwbLVU9y1rHTeepPeYY,78605
TJ93MxpUTDcBxEumsyEUCcToxoX1CXD7cc,78626
TEr8qHYMFJRMfWFqqQjg34jd3RMCiMpgss,78628
TTwt6sX2FE1VDS2G1J1BbA5LaoQTXN9K66,78722
TTTjqDCoNPJst5oS6aWdP2Mdz2wQug6Ntt,78825
TP5QKMriTDzDYxrMQypEBLLFkhMHWnuUss,78887
TH5SHx4ZAQUn6LvF7DoKDmgHeiYHB6USXX,78902
TAGUd59jpzzsmYDyxgSUFzZkVBDW3Y64FF,78982
TY7RcWx4qUXSjCcFCvQVsF5VhbhT1s7MQQ,78995
TCAbzgHK8c61xdTk12RHRYB6Lj9zS18jKK,79039
TVKJUMCLrBftEE7rjMFF26mMWhBVrc53hh,79049
TSgtrQuNUehvRUnnS4yFusZmkB65JoPgpp,79081
TTkHqYajqoGV65QBN31Zz8VDoYwY9C64PP,79135
TBRKJ9SLSXMw4sRorconxKo3mmSJPsQMgg,79172
TT88hzsHkPhLaKoH1ind4dvn3T8McAeVbb,79187
TPuHeJP2uaQ1UtmDZJJPmy77YoqSKReMzz,79280
TNLWTTFJdzEjfbUq7xde8nNKFJL5ZKYVFF,79283
TG1yZgNV9VT2NPSp3azXaXEsKk36VbmXRR,79288
TVabdPhqU4eELne3Fa7ASzk5NiuqS9izUU,79397
TVmtXjrsKhwvKbe1cvTkxo4kDQyXo4CZXX,79434
TKmWFKrymuWWEiU1MPMHmJBhP7HbAmsqtt,79466
TGy4ZXfDRbVcSbZY5mZaXwGQPkBe3ZLzEE,79485
TQtRmSs62XiDT4UzJfCCvFkhk8Ed2grXQQ,79495
TYdLUUojCZRWtjdvK23ztq75za6HJ3rfxx,79702
TEhwjsdnoxTf4uvW1rbgfm3SZu63W1ADQQ,79792
TWMcooVLzCWw1Xo1ur3j78zPS3v5xQLoww,79803
TJVvqT8pRxnMSqYypqzn8U9v4V6AAdN7dd,79813
TQcVE7NpxZEBpmEkLvNzcPuPAiS5EotBKK,79842
TYGz1QEgKg52Hr5n3vSQ5spP68M65mNPQQ,79873
TQk6oJZM2iEWb1WcBY5MZLTCTqCnZxzzUU,79962
TXm1uiTnKSxJWSjyPtgyEHsxmLV3HtkwYY,80172
TRakkRXZfpSNxvsKcTe1WUrvHEwKwjP5ee,80227
TFJXJUyUB3zKVngieg4QvNz49LEovQuQXX,80279
TJBm6Ypt4tUEJsvmi2DPz4y2Q1DiCTTJQQ,80290
TV9DyRrAqGXK6s5GvspGZs89b8fFoccDrr,80422
TW3LCFpiPcb2Z3no3FhcVmrx244RQp4dRR,80478
TE7wqhXidmAnSHXyJZvHg29kA2bD195ATT,80511
TMoagop4hxWttojEkKiWgJSJiupVxRnKZZ,80591
